預測編號,來源,建立日期,模型版本,期間層級,期間（交易日）,期間（約略）,資產,代號（預測用）,台股可買,起始日,起始收盤（未還原，查價用）,起始收盤（還原權息，模型用）,預計到期日,查價網址,S0 歷史交易日數,S0 資料落後天數,S0 結果,S1 20日波動（年化%）,S1 門檻低中（年化%）,S1 門檻中高（年化%）,S1 波動分位（0～100）,S1 波動狀態,S2 50日均線（還原價）,S2 200日均線（還原價）,S2 收盤相對200日線%,S2 趨勢狀態,S3 20日報酬%,S3 動能分位（0～100）,S3 動能狀態,S4 VIX,S4 VIX分位（0～100）,S5 查表樣本,S5 樣本數（日）,S5 獨立段數（樣本數÷期間）,S5 預測漲跌%（中位數）,S5 區間下緣%（p25）,S5 區間上緣%（p75）,S5 歷史上漲機率%,S6 判定規則,S6 方向判定,回測判定次數,回測方向命中%,回測永遠猜漲%,回測多數方向%,回測落在區間%,月度沙盤推演同期間期望超額%,月度沙盤推演同期間回測判定,狀態代碼,判斷流程,判斷原因
2026-W41-TLT-H5,即時,2026-10-10,v2,短線,5,1週,美國長天期公債,TLT,00679B.TWO／00687B.TWO,2026-10-08,77.87,77.87,2026-10-15,https://finance.yahoo.com/quote/TLT/history,6088,2,通過,10.45,10.18,13.88,36.63,中,80.7306,83.5825,-6.83,空頭,-3.21,15.24,弱,15.41,34.54,同波動,2016,403,0.13,-0.95,1.16,53.77,≥55% 偏漲；≤45% 偏跌；其餘不確定,不確定,338,54.73,54.73,54.73,51.12,,,VOL=中|TREND=空頭|MOM=弱|VIXQ=1|SAMPLE=同波動|CALL=不確定,S0 資料OK → S1 波動:中(第37分位) → S2 趨勢:空頭 → S3 動能:弱(第15分位) → S4 VIX:15.4(第35分位) → S5 同波動樣本 403 段 → S6 不確定(上漲機率54%),過去美國長天期公債（TLT）波動屬「中」時，5 個交易日（約1週）後的漲跌中位數 +0.1%，一半的情況落在 −0.9%～+1.2%，上漲機率 54%（約 403 段獨立樣本）。上漲機率介於 45%～55% 之間，不做方向判斷。走步回測（只算起始日前已到期的決策）方向命中 55%（338 次判定）、永遠猜漲 55%、永遠猜跌 45%，和永遠猜漲一樣準，沒有比較準；預測區間實際涵蓋 51%（理想約 50%）。趨勢空頭、動能弱、VIX 15（第 35 分位）只記錄、不參與預測（2008 年起的走步研究裡它們對漲跌沒有預測力）。
2026-W41-LQD-H5,即時,2026-10-10,v2,短線,5,1週,美國投資級公司債,LQD,00720B.TWO,2026-10-08,102.47,102.47,2026-10-15,https://finance.yahoo.com/quote/LQD/history,6088,2,通過,6.61,4.62,6.49,68.16,高,104.3583,106.1027,-3.42,空頭,-1.39,15.33,弱,15.41,34.54,同波動,2019,403,0.18,-0.56,0.85,56.61,≥55% 偏漲；≤45% 偏跌；其餘不確定,偏漲,895,57.54,57.54,57.54,52.45,,,VOL=高|TREND=空頭|MOM=弱|VIXQ=1|SAMPLE=同波動|CALL=偏漲,S0 資料OK → S1 波動:高(第68分位) → S2 趨勢:空頭 → S3 動能:弱(第15分位) → S4 VIX:15.4(第35分位) → S5 同波動樣本 403 段 → S6 偏漲(上漲機率57%),過去美國投資級公司債（LQD）波動屬「高」時，5 個交易日（約1週）後的漲跌中位數 +0.2%，一半的情況落在 −0.6%～+0.8%，上漲機率 57%（約 403 段獨立樣本）。判定偏漲，主要反映長期上漲傾向，不是當下訊號。走步回測（只算起始日前已到期的決策）方向命中 58%（895 次判定）、永遠猜漲 58%、永遠猜跌 42%，和永遠猜漲一樣準，沒有比較準；預測區間實際涵蓋 52%（理想約 50%）。趨勢空頭、動能弱、VIX 15（第 35 分位）只記錄、不參與預測（2008 年起的走步研究裡它們對漲跌沒有預測力）。
2026-W41-HYG-H5,即時,2026-10-10,v2,短線,5,1週,美國高收益債,HYG,00710B.TW,2026-10-08,77.14,77.14,2026-10-15,https://finance.yahoo.com/quote/HYG/history,4906,2,通過,3.91,4.24,7.10,28.39,低,78.3104,77.9011,-0.98,盤整,-1.45,15.90,弱,15.41,34.54,同波動,1614,322,0.11,-0.21,0.38,59.48,≥55% 偏漲；≤45% 偏跌；其餘不確定,偏漲,793,59.77,59.77,59.77,56.17,,,VOL=低|TREND=盤整|MOM=弱|VIXQ=1|SAMPLE=同波動|CALL=偏漲,S0 資料OK → S1 波動:低(第28分位) → S2 趨勢:盤整 → S3 動能:弱(第16分位) → S4 VIX:15.4(第35分位) → S5 同波動樣本 322 段 → S6 偏漲(上漲機率59%),過去美國高收益債（HYG）波動屬「低」時，5 個交易日（約1週）後的漲跌中位數 +0.1%，一半的情況落在 −0.2%～+0.4%，上漲機率 59%（約 322 段獨立樣本）。判定偏漲，主要反映長期上漲傾向，不是當下訊號。走步回測（只算起始日前已到期的決策）方向命中 60%（793 次判定）、永遠猜漲 60%、永遠猜跌 40%，和永遠猜漲一樣準，沒有比較準；預測區間實際涵蓋 56%（理想約 50%）。趨勢盤整、動能弱、VIX 15（第 35 分位）只記錄、不參與預測（2008 年起的走步研究裡它們對漲跌沒有預測力）。
2026-W41-GLD-H5,即時,2026-10-10,v2,短線,5,1週,黃金,GLD,00635U.TW,2026-10-08,378.62,378.62,2026-10-15,https://finance.yahoo.com/quote/GLD/history,5506,2,通過,20.20,12.25,16.80,77.76,高,396.8794,415.7731,-8.94,空頭,-4.48,11.28,弱,15.41,34.54,同波動,1826,365,0.26,-1.77,2.06,53.40,≥55% 偏漲；≤45% 偏跌；其餘不確定,不確定,435,59.08,59.08,59.08,54.50,,,VOL=高|TREND=空頭|MOM=弱|VIXQ=1|SAMPLE=同波動|CALL=不確定,S0 資料OK → S1 波動:高(第78分位) → S2 趨勢:空頭 → S3 動能:弱(第11分位) → S4 VIX:15.4(第35分位) → S5 同波動樣本 365 段 → S6 不確定(上漲機率53%),過去黃金（GLD）波動屬「高」時，5 個交易日（約1週）後的漲跌中位數 +0.3%，一半的情況落在 −1.8%～+2.1%，上漲機率 53%（約 365 段獨立樣本）。上漲機率介於 45%～55% 之間，不做方向判斷。走步回測（只算起始日前已到期的決策）方向命中 59%（435 次判定）、永遠猜漲 59%、永遠猜跌 41%，和永遠猜漲一樣準，沒有比較準；預測區間實際涵蓋 54%（理想約 50%）。趨勢空頭、動能弱、VIX 15（第 35 分位）只記錄、不參與預測（2008 年起的走步研究裡它們對漲跌沒有預測力）。
2026-W41-TWD=X-H5,即時,2026-10-10,v2,短線,5,1週,美元／新台幣,TWD=X,美元定存／00865B.TW,2026-10-08,31.8483,31.8483,2026-10-15,https://finance.yahoo.com/quote/TWD=X/history,5435,2,通過,3.17,4.00,6.37,16.47,低,31.8696,31.7316,0.37,多頭,1.22,82.60,強,15.41,34.54,同波動,1785,357,0.00,-0.27,0.27,48.96,≥55% 偏漲；≤45% 偏跌；其餘不確定,不確定,25,56.00,56.00,56.00,48.54,,,VOL=低|TREND=多頭|MOM=強|VIXQ=1|SAMPLE=同波動|CALL=不確定,S0 資料OK → S1 波動:低(第16分位) → S2 趨勢:多頭 → S3 動能:強(第83分位) → S4 VIX:15.4(第35分位) → S5 同波動樣本 357 段 → S6 不確定(上漲機率49%),過去美元／新台幣（TWD=X）波動屬「低」時，5 個交易日（約1週）後的漲跌中位數 0.0%，一半的情況落在 −0.3%～+0.3%，上漲機率 49%（約 357 段獨立樣本）。上漲機率介於 45%～55% 之間，不做方向判斷。走步回測（只算起始日前已到期的決策）方向命中 56%（25 次判定）、永遠猜漲 56%、永遠猜跌 44%，和永遠猜漲一樣準，沒有比較準；預測區間實際涵蓋 49%（理想約 50%）。趨勢多頭、動能強、VIX 15（第 35 分位）只記錄、不參與預測（2008 年起的走步研究裡它們對漲跌沒有預測力）。
2026-W41-UUP-H5,即時,2026-10-10,v2,短線,5,1週,美元指數,UUP,00682U.TW,2026-10-08,28.98,28.98,2026-10-15,https://finance.yahoo.com/quote/UUP/history,4934,2,通過,4.58,5.65,7.73,12.52,低,28.2986,27.775,4.34,多頭,3.39,94.10,強,15.41,34.54,同波動,1631,326,0.12,-0.41,0.65,55.00,≥55% 偏漲；≤45% 偏跌；其餘不確定,偏漲,77,49.35,51.95,51.95,53.99,,,VOL=低|TREND=多頭|MOM=強|VIXQ=1|SAMPLE=同波動|CALL=偏漲,S0 資料OK → S1 波動:低(第13分位) → S2 趨勢:多頭 → S3 動能:強(第94分位) → S4 VIX:15.4(第35分位) → S5 同波動樣本 326 段 → S6 偏漲(上漲機率55.0%),過去美元指數（UUP）波動屬「低」時，5 個交易日（約1週）後的漲跌中位數 +0.1%，一半的情況落在 −0.4%～+0.7%，上漲機率 55.0%（約 326 段獨立樣本）。判定偏漲，主要反映長期上漲傾向，不是當下訊號。走步回測（只算起始日前已到期的決策）方向命中 49%（77 次判定）、永遠猜漲 52%、永遠猜跌 48%，還不如永遠猜漲（差 3 個百分點）；預測區間實際涵蓋 54%（理想約 50%）。趨勢多頭、動能強、VIX 15（第 35 分位）只記錄、不參與預測（2008 年起的走步研究裡它們對漲跌沒有預測力）。
2026-W41-FXY-H5,即時,2026-10-10,v2,短線,5,1週,日圓,FXY,無,2026-10-08,58.05,58.05,2026-10-15,https://finance.yahoo.com/quote/FXY/history,4945,2,通過,6.40,6.92,10.02,27.70,低,58.1152,57.9395,0.19,多頭,-2.27,18.13,弱,15.41,34.54,同波動,1637,327,-0.10,-0.65,0.51,44.72,≥55% 偏漲；≤45% 偏跌；其餘不確定,偏跌,101,49.50,48.51,51.49,53.30,,,VOL=低|TREND=多頭|MOM=弱|VIXQ=1|SAMPLE=同波動|CALL=偏跌,S0 資料OK → S1 波動:低(第28分位) → S2 趨勢:多頭 → S3 動能:弱(第18分位) → S4 VIX:15.4(第35分位) → S5 同波動樣本 327 段 → S6 偏跌(上漲機率44.7%),過去日圓（FXY）波動屬「低」時，5 個交易日（約1週）後的漲跌中位數 −0.1%，一半的情況落在 −0.7%～+0.5%，上漲機率 44.7%（約 327 段獨立樣本）。判定偏跌，只表示這個波動狀態下歷史上跌的次數比漲多，是歷史傾向，不是當下訊號。走步回測（只算起始日前已到期的決策）方向命中 50%（101 次判定）、永遠猜漲 49%、永遠猜跌 51%，還不如永遠猜跌（差 2 個百分點）；預測區間實際涵蓋 53%（理想約 50%）。趨勢多頭、動能弱、VIX 15（第 35 分位）只記錄、不參與預測（2008 年起的走步研究裡它們對漲跌沒有預測力）。
2026-W41-0050.TW-H5,即時,2026-10-10,v2,短線,5,1週,台股（台灣 50）,0050.TW,006208.TW,2026-10-07,116.05,116.05,2026-10-14,https://finance.yahoo.com/quote/0050.TW/history,4347,3,通過,15.07,12.84,17.68,50.29,中,106.843,90.2884,28.53,多頭,5.60,80.59,強,15.08,32.47,同波動,1438,287,0.43,-1.15,1.93,57.72,≥55% 偏漲；≤45% 偏跌；其餘不確定,偏漲,440,58.41,58.41,58.41,47.52,,,VOL=中|TREND=多頭|MOM=強|VIXQ=0|SAMPLE=同波動|CALL=偏漲,S0 資料OK → S1 波動:中(第50分位) → S2 趨勢:多頭 → S3 動能:強(第81分位) → S4 VIX:15.1(第32分位) → S5 同波動樣本 287 段 → S6 偏漲(上漲機率58%),過去台股（台灣 50）（0050.TW）波動屬「中」時，5 個交易日（約1週）後的漲跌中位數 +0.4%，一半的情況落在 −1.1%～+1.9%，上漲機率 58%（約 287 段獨立樣本）。判定偏漲，主要反映長期上漲傾向，不是當下訊號。走步回測（只算起始日前已到期的決策）方向命中 58%（440 次判定）、永遠猜漲 58%、永遠猜跌 42%，和永遠猜漲一樣準，沒有比較準；預測區間實際涵蓋 48%（理想約 50%）。趨勢多頭、動能強、VIX 15（第 32 分位）只記錄、不參與預測（2008 年起的走步研究裡它們對漲跌沒有預測力）。
2026-W41-2330.TW-H5,即時,2026-10-10,v2,短線,5,1週,台積電,2330.TW,2330.TW,2026-10-08,2550,2550,2026-10-15,https://finance.yahoo.com/quote/2330.TW/history,6654,2,通過,18.45,21.53,29.98,17.20,低,2417.1888,2112.2958,20.72,多頭,3.54,62.72,中,15.41,34.54,同波動,2205,441,0.44,-1.33,2.37,54.97,≥55% 偏漲；≤45% 偏跌；其餘不確定,不確定,70,57.14,57.14,57.14,53.11,,,VOL=低|TREND=多頭|MOM=中|VIXQ=1|SAMPLE=同波動|CALL=不確定,S0 資料OK → S1 波動:低(第17分位) → S2 趨勢:多頭 → S3 動能:中(第63分位) → S4 VIX:15.4(第35分位) → S5 同波動樣本 441 段 → S6 不確定(上漲機率55.0%),過去台積電（2330.TW）波動屬「低」時，5 個交易日（約1週）後的漲跌中位數 +0.4%，一半的情況落在 −1.3%～+2.4%，上漲機率 55.0%（約 441 段獨立樣本）。上漲機率介於 45%～55% 之間，不做方向判斷。走步回測（只算起始日前已到期的決策）方向命中 57%（70 次判定）、永遠猜漲 57%、永遠猜跌 43%，和永遠猜漲一樣準，沒有比較準；預測區間實際涵蓋 53%（理想約 50%）。趨勢多頭、動能中、VIX 15（第 35 分位）只記錄、不參與預測（2008 年起的走步研究裡它們對漲跌沒有預測力）。
2026-W41-SOXX-H5,即時,2026-10-10,v2,短線,5,1週,美國半導體,SOXX,00891.TW,2026-10-08,563.28,563.28,2026-10-15,https://finance.yahoo.com/quote/SOXX/history,6347,2,通過,37.05,21.33,31.98,79.23,高,536.0495,460.4721,22.33,多頭,8.93,84.67,強,15.41,34.54,同波動,2105,421,0.46,-3.52,4.27,52.97,≥55% 偏漲；≤45% 偏跌；其餘不確定,不確定,295,59.32,58.98,58.98,49.69,,,VOL=高|TREND=多頭|MOM=強|VIXQ=1|SAMPLE=同波動|CALL=不確定,S0 資料OK → S1 波動:高(第79分位) → S2 趨勢:多頭 → S3 動能:強(第85分位) → S4 VIX:15.4(第35分位) → S5 同波動樣本 421 段 → S6 不確定(上漲機率53%),過去美國半導體（SOXX）波動屬「高」時，5 個交易日（約1週）後的漲跌中位數 +0.5%，一半的情況落在 −3.5%～+4.3%，上漲機率 53%（約 421 段獨立樣本）。上漲機率介於 45%～55% 之間，不做方向判斷。走步回測（只算起始日前已到期的決策）方向命中 59%（295 次判定）、永遠猜漲 59%、永遠猜跌 41%，和永遠猜漲一樣準，沒有比較準；預測區間實際涵蓋 50%（理想約 50%）。趨勢多頭、動能強、VIX 15（第 35 分位）只記錄、不參與預測（2008 年起的走步研究裡它們對漲跌沒有預測力）。
2026-W41-SPY-H5,即時,2026-10-10,v2,短線,5,1週,美股 S&P 500,SPY,00646.TW,2026-10-08,773.93,773.93,2026-10-15,https://finance.yahoo.com/quote/SPY/history,8481,2,通過,9.87,10.40,16.28,29.00,低,765.5093,719.1626,7.62,多頭,2.38,62.24,中,15.41,34.54,同波動,2803,560,0.29,-0.55,1.10,59.51,≥55% 偏漲；≤45% 偏跌；其餘不確定,偏漲,865,61.04,61.04,61.04,49.59,,,VOL=低|TREND=多頭|MOM=中|VIXQ=1|SAMPLE=同波動|CALL=偏漲,S0 資料OK → S1 波動:低(第29分位) → S2 趨勢:多頭 → S3 動能:中(第62分位) → S4 VIX:15.4(第35分位) → S5 同波動樣本 560 段 → S6 偏漲(上漲機率60%),過去美股 S&P 500（SPY）波動屬「低」時，5 個交易日（約1週）後的漲跌中位數 +0.3%，一半的情況落在 −0.6%～+1.1%，上漲機率 60%（約 560 段獨立樣本）。判定偏漲，主要反映長期上漲傾向，不是當下訊號。走步回測（只算起始日前已到期的決策）方向命中 61%（865 次判定）、永遠猜漲 61%、永遠猜跌 39%，和永遠猜漲一樣準，沒有比較準；預測區間實際涵蓋 50%（理想約 50%）。趨勢多頭、動能中、VIX 15（第 35 分位）只記錄、不參與預測（2008 年起的走步研究裡它們對漲跌沒有預測力）。
2026-W41-QQQ-H5,即時,2026-10-10,v2,短線,5,1週,那斯達克 100,QQQ,00662.TW,2026-10-08,747.58,747.58,2026-10-15,https://finance.yahoo.com/quote/QQQ/history,6939,2,通過,15.29,14.43,22.78,37.91,中,722.6336,670.2056,11.54,多頭,5.60,80.34,強,15.41,34.54,同波動,2301,460,0.72,-1.15,2.17,61.06,≥55% 偏漲；≤45% 偏跌；其餘不確定,偏漲,776,60.57,60.44,60.44,51.43,,,VOL=中|TREND=多頭|MOM=強|VIXQ=1|SAMPLE=同波動|CALL=偏漲,S0 資料OK → S1 波動:中(第38分位) → S2 趨勢:多頭 → S3 動能:強(第80分位) → S4 VIX:15.4(第35分位) → S5 同波動樣本 460 段 → S6 偏漲(上漲機率61%),過去那斯達克 100（QQQ）波動屬「中」時，5 個交易日（約1週）後的漲跌中位數 +0.7%，一半的情況落在 −1.1%～+2.2%，上漲機率 61%（約 460 段獨立樣本）。判定偏漲，主要反映長期上漲傾向，不是當下訊號。走步回測（只算起始日前已到期的決策）方向命中 61%（776 次判定）、永遠猜漲 60%、永遠猜跌 40%，和永遠猜漲一樣準，沒有比較準；預測區間實際涵蓋 51%（理想約 50%）。趨勢多頭、動能強、VIX 15（第 35 分位）只記錄、不參與預測（2008 年起的走步研究裡它們對漲跌沒有預測力）。
2026-W41-EWJ-H5,即時,2026-10-10,v2,短線,5,1週,日股,EWJ,00645.TW,2026-10-08,97.32,97.32,2026-10-15,https://finance.yahoo.com/quote/EWJ/history,7690,2,通過,18.15,14.95,21.15,52.92,中,96.6236,90.4725,7.57,多頭,0.91,53.23,中,15.41,34.54,同波動,2558,511,0.17,-1.42,1.76,52.11,≥55% 偏漲；≤45% 偏跌；其餘不確定,不確定,22,45.45,54.55,54.55,54.60,,,VOL=中|TREND=多頭|MOM=中|VIXQ=1|SAMPLE=同波動|CALL=不確定,S0 資料OK → S1 波動:中(第53分位) → S2 趨勢:多頭 → S3 動能:中(第53分位) → S4 VIX:15.4(第35分位) → S5 同波動樣本 511 段 → S6 不確定(上漲機率52%),過去日股（EWJ）波動屬「中」時，5 個交易日（約1週）後的漲跌中位數 +0.2%，一半的情況落在 −1.4%～+1.8%，上漲機率 52%（約 511 段獨立樣本）。上漲機率介於 45%～55% 之間，不做方向判斷。走步回測（只算起始日前已到期的決策）方向命中 45%（22 次判定）、永遠猜漲 55%、永遠猜跌 45%，還不如永遠猜漲（差 9 個百分點）；預測區間實際涵蓋 55%（理想約 50%）。趨勢多頭、動能中、VIX 15（第 35 分位）只記錄、不參與預測（2008 年起的走步研究裡它們對漲跌沒有預測力）。
2026-W41-EWH-H5,即時,2026-10-10,v2,短線,5,1週,港股,EWH,無,2026-10-08,21.72,21.72,2026-10-15,https://finance.yahoo.com/quote/EWH/history,7690,2,通過,16.09,15.83,23.13,35.15,中,22.5906,22.5335,-3.61,盤整,-3.34,23.64,弱,15.41,34.54,同波動,2549,509,0.13,-1.75,1.84,51.31,≥55% 偏漲；≤45% 偏跌；其餘不確定,不確定,481,53.85,53.85,53.85,49.18,,,VOL=中|TREND=盤整|MOM=弱|VIXQ=1|SAMPLE=同波動|CALL=不確定,S0 資料OK → S1 波動:中(第35分位) → S2 趨勢:盤整 → S3 動能:弱(第24分位) → S4 VIX:15.4(第35分位) → S5 同波動樣本 509 段 → S6 不確定(上漲機率51%),過去港股（EWH）波動屬「中」時，5 個交易日（約1週）後的漲跌中位數 +0.1%，一半的情況落在 −1.8%～+1.8%，上漲機率 51%（約 509 段獨立樣本）。上漲機率介於 45%～55% 之間，不做方向判斷。走步回測（只算起始日前已到期的決策）方向命中 54%（481 次判定）、永遠猜漲 54%、永遠猜跌 46%，和永遠猜漲一樣準，沒有比較準；預測區間實際涵蓋 49%（理想約 50%）。趨勢盤整、動能弱、VIX 15（第 35 分位）只記錄、不參與預測（2008 年起的走步研究裡它們對漲跌沒有預測力）。
2026-W41-USO-H5,即時,2026-10-10,v2,短線,5,1週,原油,USO,00642U.TW,2026-10-08,147.58,147.58,2026-10-15,https://finance.yahoo.com/quote/USO/history,5157,2,通過,40.11,23.90,33.79,80.57,高,138.7498,116.7279,26.43,多頭,-6.82,20.67,弱,15.41,34.54,同波動,1708,341,0.29,-4.01,4.09,52.11,≥55% 偏漲；≤45% 偏跌；其餘不確定,不確定,16,43.75,43.75,56.25,50.64,,,VOL=高|TREND=多頭|MOM=弱|VIXQ=1|SAMPLE=同波動|CALL=不確定,S0 資料OK → S1 波動:高(第81分位) → S2 趨勢:多頭 → S3 動能:弱(第21分位) → S4 VIX:15.4(第35分位) → S5 同波動樣本 341 段 → S6 不確定(上漲機率52%),過去原油（USO）波動屬「高」時，5 個交易日（約1週）後的漲跌中位數 +0.3%，一半的情況落在 −4.0%～+4.1%，上漲機率 52%（約 341 段獨立樣本）。上漲機率介於 45%～55% 之間，不做方向判斷。走步回測（只算起始日前已到期的決策）方向命中 44%（16 次判定）、永遠猜漲 44%、永遠猜跌 56%，還不如永遠猜跌（差 12 個百分點）；預測區間實際涵蓋 51%（理想約 50%）。趨勢多頭、動能弱、VIX 15（第 35 分位）只記錄、不參與預測（2008 年起的走步研究裡它們對漲跌沒有預測力）。
2026-W41-UNG-H5,即時,2026-10-10,v2,短線,5,1週,天然氣,UNG,無,2026-10-08,10.81,10.81,2026-10-15,https://finance.yahoo.com/quote/UNG/history,4901,2,通過,43.26,33.09,48.66,55.50,中,10.3318,11.3267,-4.56,空頭,6.08,76.09,強,15.41,34.54,同波動,1623,324,-0.35,-4.46,3.88,47.63,≥55% 偏漲；≤45% 偏跌；其餘不確定,不確定,431,53.60,45.71,54.29,52.41,,,VOL=中|TREND=空頭|MOM=強|VIXQ=1|SAMPLE=同波動|CALL=不確定,S0 資料OK → S1 波動:中(第56分位) → S2 趨勢:空頭 → S3 動能:強(第76分位) → S4 VIX:15.4(第35分位) → S5 同波動樣本 324 段 → S6 不確定(上漲機率48%),過去天然氣（UNG）波動屬「中」時，5 個交易日（約1週）後的漲跌中位數 −0.3%，一半的情況落在 −4.5%～+3.9%，上漲機率 48%（約 324 段獨立樣本）。上漲機率介於 45%～55% 之間，不做方向判斷。走步回測（只算起始日前已到期的決策）方向命中 54%（431 次判定）、永遠猜漲 46%、永遠猜跌 54%，還不如永遠猜跌（差 1 個百分點）；預測區間實際涵蓋 52%（理想約 50%）。趨勢空頭、動能強、VIX 15（第 35 分位）只記錄、不參與預測（2008 年起的走步研究裡它們對漲跌沒有預測力）。
2026-W41-CPER-H5,即時,2026-10-10,v2,短線,5,1週,銅,CPER,無,2026-10-08,39.46,39.46,2026-10-15,https://finance.yahoo.com/quote/CPER/history,3745,2,通過,20.52,17.37,23.43,51.41,中,39.8862,37.5781,5.01,多頭,1.08,54.71,中,15.41,34.54,同波動,1241,248,-0.04,-1.94,1.84,48.51,≥55% 偏漲；≤45% 偏跌；其餘不確定,不確定,111,45.95,53.15,53.15,46.92,,,VOL=中|TREND=多頭|MOM=中|VIXQ=1|SAMPLE=同波動|CALL=不確定,S0 資料OK → S1 波動:中(第51分位) → S2 趨勢:多頭 → S3 動能:中(第55分位) → S4 VIX:15.4(第35分位) → S5 同波動樣本 248 段 → S6 不確定(上漲機率49%),過去銅（CPER）波動屬「中」時，5 個交易日（約1週）後的漲跌中位數 0.0%，一半的情況落在 −1.9%～+1.8%，上漲機率 49%（約 248 段獨立樣本）。上漲機率介於 45%～55% 之間，不做方向判斷。走步回測（只算起始日前已到期的決策）方向命中 46%（111 次判定）、永遠猜漲 53%、永遠猜跌 47%，還不如永遠猜漲（差 7 個百分點）；預測區間實際涵蓋 47%（理想約 50%）。趨勢多頭、動能中、VIX 15（第 35 分位）只記錄、不參與預測（2008 年起的走步研究裡它們對漲跌沒有預測力）。
2026-W41-SLV-H5,即時,2026-10-10,v2,短線,5,1週,白銀,SLV,無,2026-10-08,53.45,53.45,2026-10-15,https://finance.yahoo.com/quote/SLV/history,5144,2,通過,33.74,21.63,30.12,75.08,高,57.9178,65.812,-18.78,空頭,-7.04,15.61,弱,15.41,34.54,同波動,1705,341,0.51,-2.79,4.06,54.08,≥55% 偏漲；≤45% 偏跌；其餘不確定,不確定,163,49.08,49.08,50.92,53.67,,,VOL=高|TREND=空頭|MOM=弱|VIXQ=1|SAMPLE=同波動|CALL=不確定,S0 資料OK → S1 波動:高(第75分位) → S2 趨勢:空頭 → S3 動能:弱(第16分位) → S4 VIX:15.4(第35分位) → S5 同波動樣本 341 段 → S6 不確定(上漲機率54%),過去白銀（SLV）波動屬「高」時，5 個交易日（約1週）後的漲跌中位數 +0.5%，一半的情況落在 −2.8%～+4.1%，上漲機率 54%（約 341 段獨立樣本）。上漲機率介於 45%～55% 之間，不做方向判斷。走步回測（只算起始日前已到期的決策）方向命中 49%（163 次判定）、永遠猜漲 49%、永遠猜跌 51%，還不如永遠猜跌（差 2 個百分點）；預測區間實際涵蓋 54%（理想約 50%）。趨勢空頭、動能弱、VIX 15（第 35 分位）只記錄、不參與預測（2008 年起的走步研究裡它們對漲跌沒有預測力）。
2026-W41-PPLT-H5,即時,2026-10-10,v2,短線,5,1週,白金,PPLT,無,2026-10-08,14.82,14.82,2026-10-15,https://finance.yahoo.com/quote/PPLT/history,4213,2,通過,29.53,17.55,24.45,82.92,高,15.9668,17.6443,-16.01,空頭,-8.12,8.61,弱,15.41,34.54,同波動,1393,278,0.35,-2.09,2.89,54.13,≥55% 偏漲；≤45% 偏跌；其餘不確定,不確定,6,33.33,66.67,66.67,47.60,,,VOL=高|TREND=空頭|MOM=弱|VIXQ=1|SAMPLE=同波動|CALL=不確定,S0 資料OK → S1 波動:高(第83分位) → S2 趨勢:空頭 → S3 動能:弱(第9分位) → S4 VIX:15.4(第35分位) → S5 同波動樣本 278 段 → S6 不確定(上漲機率54%),過去白金（PPLT）波動屬「高」時，5 個交易日（約1週）後的漲跌中位數 +0.3%，一半的情況落在 −2.1%～+2.9%，上漲機率 54%（約 278 段獨立樣本）。上漲機率介於 45%～55% 之間，不做方向判斷。走步回測（只算起始日前已到期的決策）方向命中 33%（6 次判定）、永遠猜漲 67%、永遠猜跌 33%，還不如永遠猜漲（差 33 個百分點）；預測區間實際涵蓋 48%（理想約 50%）。趨勢空頭、動能弱、VIX 15（第 35 分位）只記錄、不參與預測（2008 年起的走步研究裡它們對漲跌沒有預測力）。
2026-W41-DBA-H5,即時,2026-10-10,v2,短線,5,1週,農產品,DBA,無,2026-10-08,28.34,28.34,2026-10-15,https://finance.yahoo.com/quote/DBA/history,4971,2,通過,13.12,10.70,14.44,57.48,中,28.3944,27.1864,4.24,多頭,-3.34,16.54,弱,15.41,34.54,同波動,1649,329,0.00,-1.15,1.19,49.42,≥55% 偏漲；≤45% 偏跌；其餘不確定,不確定,299,49.50,50.17,50.17,49.57,,,VOL=中|TREND=多頭|MOM=弱|VIXQ=1|SAMPLE=同波動|CALL=不確定,S0 資料OK → S1 波動:中(第57分位) → S2 趨勢:多頭 → S3 動能:弱(第17分位) → S4 VIX:15.4(第35分位) → S5 同波動樣本 329 段 → S6 不確定(上漲機率49%),過去農產品（DBA）波動屬「中」時，5 個交易日（約1週）後的漲跌中位數 0.0%，一半的情況落在 −1.1%～+1.2%，上漲機率 49%（約 329 段獨立樣本）。上漲機率介於 45%～55% 之間，不做方向判斷。走步回測（只算起始日前已到期的決策）方向命中 50%（299 次判定）、永遠猜漲 50%、永遠猜跌 50%，還不如永遠猜漲（差 1 個百分點）；預測區間實際涵蓋 50%（理想約 50%）。趨勢多頭、動能弱、VIX 15（第 35 分位）只記錄、不參與預測（2008 年起的走步研究裡它們對漲跌沒有預測力）。
2026-W41-MOS-H5,即時,2026-10-10,v2,短線,5,1週,肥料股,MOS,CF／NTR／1722.TW,2026-10-08,19.73,19.73,2026-10-15,https://finance.yahoo.com/quote/MOS/history,9260,2,通過,32.50,28.91,40.27,44.24,中,23.2716,24.0511,-17.97,空頭,-22.32,1.86,弱,15.41,34.54,同波動,3074,614,0.00,-3.44,3.49,49.71,≥55% 偏漲；≤45% 偏跌；其餘不確定,不確定,0,,,,48.77,,,VOL=中|TREND=空頭|MOM=弱|VIXQ=1|SAMPLE=同波動|CALL=不確定,S0 資料OK → S1 波動:中(第44分位) → S2 趨勢:空頭 → S3 動能:弱(第2分位) → S4 VIX:15.4(第35分位) → S5 同波動樣本 614 段 → S6 不確定(上漲機率50%),過去肥料股（MOS）波動屬「中」時，5 個交易日（約1週）後的漲跌中位數 0.0%，一半的情況落在 −3.4%～+3.5%，上漲機率 50%（約 614 段獨立樣本）。上漲機率介於 45%～55% 之間，不做方向判斷。走步回測（978 次決策）沒有方向判定可比；預測區間實際涵蓋 49%（理想約 50%）。趨勢空頭、動能弱、VIX 15（第 35 分位）只記錄、不參與預測（2008 年起的走步研究裡它們對漲跌沒有預測力）。
2026-W41-BRK-B-H5,即時,2026-10-10,v2,短線,5,1週,波克夏,BRK-B,無,2026-10-08,511.05,511.05,2026-10-15,https://finance.yahoo.com/quote/BRK-B/history,7653,2,通過,12.09,12.91,18.65,25.77,低,507.6494,492.8915,3.68,多頭,0.80,50.11,中,15.41,34.54,同波動,2539,507,0.15,-0.96,1.35,53.21,≥55% 偏漲；≤45% 偏跌；其餘不確定,不確定,0,,,,50.00,,,VOL=低|TREND=多頭|MOM=中|VIXQ=1|SAMPLE=同波動|CALL=不確定,S0 資料OK → S1 波動:低(第26分位) → S2 趨勢:多頭 → S3 動能:中(第50分位) → S4 VIX:15.4(第35分位) → S5 同波動樣本 507 段 → S6 不確定(上漲機率53%),過去波克夏（BRK-B）波動屬「低」時，5 個交易日（約1週）後的漲跌中位數 +0.1%，一半的情況落在 −1.0%～+1.4%，上漲機率 53%（約 507 段獨立樣本）。上漲機率介於 45%～55% 之間，不做方向判斷。走步回測（978 次決策）沒有方向判定可比；預測區間實際涵蓋 50%（理想約 50%）。趨勢多頭、動能中、VIX 15（第 35 分位）只記錄、不參與預測（2008 年起的走步研究裡它們對漲跌沒有預測力）。
2026-W41-TLT-H10,即時,2026-10-10,v2,短線,10,2週,美國長天期公債,TLT,00679B.TWO／00687B.TWO,2026-10-08,77.87,77.87,2026-10-22,https://finance.yahoo.com/quote/TLT/history,6088,2,通過,10.45,10.18,13.88,36.63,中,80.7306,83.5825,-6.83,空頭,-3.21,15.24,弱,15.41,34.54,同波動,2014,201,0.27,-1.31,1.67,54.82,≥55% 偏漲；≤45% 偏跌；其餘不確定,不確定,539,52.13,52.13,52.13,47.90,,,VOL=中|TREND=空頭|MOM=弱|VIXQ=1|SAMPLE=同波動|CALL=不確定,S0 資料OK → S1 波動:中(第37分位) → S2 趨勢:空頭 → S3 動能:弱(第15分位) → S4 VIX:15.4(第35分位) → S5 同波動樣本 201 段 → S6 不確定(上漲機率54.8%),過去美國長天期公債（TLT）波動屬「中」時，10 個交易日（約2週）後的漲跌中位數 +0.3%，一半的情況落在 −1.3%～+1.7%，上漲機率 54.8%（約 201 段獨立樣本）。上漲機率介於 45%～55% 之間，不做方向判斷。走步回測（只算起始日前已到期的決策）方向命中 52%（539 次判定，每週決策的 10 日報酬互相重疊，等效約 270 次獨立判定）、永遠猜漲 52%、永遠猜跌 48%，和永遠猜漲一樣準，沒有比較準；預測區間實際涵蓋 48%（理想約 50%）。趨勢空頭、動能弱、VIX 15（第 35 分位）只記錄、不參與預測（2008 年起的走步研究裡它們對漲跌沒有預測力）。
2026-W41-LQD-H10,即時,2026-10-10,v2,短線,10,2週,美國投資級公司債,LQD,00720B.TWO,2026-10-08,102.47,102.47,2026-10-22,https://finance.yahoo.com/quote/LQD/history,6088,2,通過,6.61,4.62,6.49,68.16,高,104.3583,106.1027,-3.42,空頭,-1.39,15.33,弱,15.41,34.54,同波動,2014,201,0.36,-0.73,1.36,59.68,≥55% 偏漲；≤45% 偏跌；其餘不確定,偏漲,819,57.88,57.88,57.88,50.87,,,VOL=高|TREND=空頭|MOM=弱|VIXQ=1|SAMPLE=同波動|CALL=偏漲,S0 資料OK → S1 波動:高(第68分位) → S2 趨勢:空頭 → S3 動能:弱(第15分位) → S4 VIX:15.4(第35分位) → S5 同波動樣本 201 段 → S6 偏漲(上漲機率60%),過去美國投資級公司債（LQD）波動屬「高」時，10 個交易日（約2週）後的漲跌中位數 +0.4%，一半的情況落在 −0.7%～+1.4%，上漲機率 60%（約 201 段獨立樣本）。判定偏漲，主要反映長期上漲傾向，不是當下訊號。走步回測（只算起始日前已到期的決策）方向命中 58%（819 次判定，每週決策的 10 日報酬互相重疊，等效約 410 次獨立判定）、永遠猜漲 58%、永遠猜跌 42%，和永遠猜漲一樣準，沒有比較準；預測區間實際涵蓋 51%（理想約 50%）。趨勢空頭、動能弱、VIX 15（第 35 分位）只記錄、不參與預測（2008 年起的走步研究裡它們對漲跌沒有預測力）。
2026-W41-HYG-H10,即時,2026-10-10,v2,短線,10,2週,美國高收益債,HYG,00710B.TW,2026-10-08,77.14,77.14,2026-10-22,https://finance.yahoo.com/quote/HYG/history,4906,2,通過,3.91,4.24,7.10,28.39,低,78.3104,77.9011,-0.98,盤整,-1.45,15.90,弱,15.41,34.54,同波動,1609,160,0.19,-0.30,0.58,61.90,≥55% 偏漲；≤45% 偏跌；其餘不確定,偏漲,809,62.67,62.67,62.67,58.47,,,VOL=低|TREND=盤整|MOM=弱|VIXQ=1|SAMPLE=同波動|CALL=偏漲,S0 資料OK → S1 波動:低(第28分位) → S2 趨勢:盤整 → S3 動能:弱(第16分位) → S4 VIX:15.4(第35分位) → S5 同波動樣本 160 段 → S6 偏漲(上漲機率62%),過去美國高收益債（HYG）波動屬「低」時，10 個交易日（約2週）後的漲跌中位數 +0.2%，一半的情況落在 −0.3%～+0.6%，上漲機率 62%（約 160 段獨立樣本）。判定偏漲，主要反映長期上漲傾向，不是當下訊號。走步回測（只算起始日前已到期的決策）方向命中 63%（809 次判定，每週決策的 10 日報酬互相重疊，等效約 404 次獨立判定）、永遠猜漲 63%、永遠猜跌 37%，和永遠猜漲一樣準，沒有比較準；預測區間實際涵蓋 58%（理想約 50%）。趨勢盤整、動能弱、VIX 15（第 35 分位）只記錄、不參與預測（2008 年起的走步研究裡它們對漲跌沒有預測力）。
2026-W41-GLD-H10,即時,2026-10-10,v2,短線,10,2週,黃金,GLD,00635U.TW,2026-10-08,378.62,378.62,2026-10-22,https://finance.yahoo.com/quote/GLD/history,5506,2,通過,20.20,12.25,16.80,77.76,高,396.8794,415.7731,-8.94,空頭,-4.48,11.28,弱,15.41,34.54,同波動,1821,182,0.45,-2.16,2.83,55.30,≥55% 偏漲；≤45% 偏跌；其餘不確定,偏漲,549,56.28,56.28,56.28,54.56,,,VOL=高|TREND=空頭|MOM=弱|VIXQ=1|SAMPLE=同波動|CALL=偏漲,S0 資料OK → S1 波動:高(第78分位) → S2 趨勢:空頭 → S3 動能:弱(第11分位) → S4 VIX:15.4(第35分位) → S5 同波動樣本 182 段 → S6 偏漲(上漲機率55.3%),過去黃金（GLD）波動屬「高」時，10 個交易日（約2週）後的漲跌中位數 +0.5%，一半的情況落在 −2.2%～+2.8%，上漲機率 55.3%（約 182 段獨立樣本）。判定偏漲，主要反映長期上漲傾向，不是當下訊號。走步回測（只算起始日前已到期的決策）方向命中 56%（549 次判定，每週決策的 10 日報酬互相重疊，等效約 274 次獨立判定）、永遠猜漲 56%、永遠猜跌 44%，和永遠猜漲一樣準，沒有比較準；預測區間實際涵蓋 55%（理想約 50%）。趨勢空頭、動能弱、VIX 15（第 35 分位）只記錄、不參與預測（2008 年起的走步研究裡它們對漲跌沒有預測力）。
2026-W41-TWD=X-H10,即時,2026-10-10,v2,短線,10,2週,美元／新台幣,TWD=X,美元定存／00865B.TW,2026-10-08,31.8483,31.8483,2026-10-22,https://finance.yahoo.com/quote/TWD=X/history,5435,2,通過,3.17,4.00,6.37,16.47,低,31.8696,31.7316,0.37,多頭,1.22,82.60,強,15.41,34.54,同波動,1780,178,-0.03,-0.47,0.39,47.42,≥55% 偏漲；≤45% 偏跌；其餘不確定,不確定,260,48.85,46.15,53.85,49.04,,,VOL=低|TREND=多頭|MOM=強|VIXQ=1|SAMPLE=同波動|CALL=不確定,S0 資料OK → S1 波動:低(第16分位) → S2 趨勢:多頭 → S3 動能:強(第83分位) → S4 VIX:15.4(第35分位) → S5 同波動樣本 178 段 → S6 不確定(上漲機率47%),過去美元／新台幣（TWD=X）波動屬「低」時，10 個交易日（約2週）後的漲跌中位數 0.0%，一半的情況落在 −0.5%～+0.4%，上漲機率 47%（約 178 段獨立樣本）。上漲機率介於 45%～55% 之間，不做方向判斷。走步回測（只算起始日前已到期的決策）方向命中 49%（260 次判定，每週決策的 10 日報酬互相重疊，等效約 130 次獨立判定）、永遠猜漲 46%、永遠猜跌 54%，還不如永遠猜跌（差 5 個百分點）；預測區間實際涵蓋 49%（理想約 50%）。趨勢多頭、動能強、VIX 15（第 35 分位）只記錄、不參與預測（2008 年起的走步研究裡它們對漲跌沒有預測力）。
2026-W41-UUP-H10,即時,2026-10-10,v2,短線,10,2週,美元指數,UUP,00682U.TW,2026-10-08,28.98,28.98,2026-10-22,https://finance.yahoo.com/quote/UUP/history,4934,2,通過,4.58,5.65,7.73,12.52,低,28.2986,27.775,4.34,多頭,3.39,94.10,強,15.41,34.54,同波動,1626,162,0.24,-0.56,0.94,57.75,≥55% 偏漲；≤45% 偏跌；其餘不確定,偏漲,149,56.38,55.70,55.70,56.02,,,VOL=低|TREND=多頭|MOM=強|VIXQ=1|SAMPLE=同波動|CALL=偏漲,S0 資料OK → S1 波動:低(第13分位) → S2 趨勢:多頭 → S3 動能:強(第94分位) → S4 VIX:15.4(第35分位) → S5 同波動樣本 162 段 → S6 偏漲(上漲機率58%),過去美元指數（UUP）波動屬「低」時，10 個交易日（約2週）後的漲跌中位數 +0.2%，一半的情況落在 −0.6%～+0.9%，上漲機率 58%（約 162 段獨立樣本）。判定偏漲，主要反映長期上漲傾向，不是當下訊號。走步回測（只算起始日前已到期的決策）方向命中 56%（149 次判定，每週決策的 10 日報酬互相重疊，等效約 74 次獨立判定）、永遠猜漲 56%、永遠猜跌 44%，只比永遠猜漲高 1 個百分點，在隨機誤差內（±11），不能說比較準；預測區間實際涵蓋 56%（理想約 50%）。趨勢多頭、動能強、VIX 15（第 35 分位）只記錄、不參與預測（2008 年起的走步研究裡它們對漲跌沒有預測力）。
2026-W41-FXY-H10,即時,2026-10-10,v2,短線,10,2週,日圓,FXY,無,2026-10-08,58.05,58.05,2026-10-22,https://finance.yahoo.com/quote/FXY/history,4945,2,通過,6.40,6.92,10.02,27.70,低,58.1152,57.9395,0.19,多頭,-2.27,18.13,弱,15.41,34.54,同波動,1637,163,-0.11,-0.92,0.70,45.45,≥55% 偏漲；≤45% 偏跌；其餘不確定,不確定,125,48.00,48.80,51.20,54.22,,,VOL=低|TREND=多頭|MOM=弱|VIXQ=1|SAMPLE=同波動|CALL=不確定,S0 資料OK → S1 波動:低(第28分位) → S2 趨勢:多頭 → S3 動能:弱(第18分位) → S4 VIX:15.4(第35分位) → S5 同波動樣本 163 段 → S6 不確定(上漲機率45.5%),過去日圓（FXY）波動屬「低」時，10 個交易日（約2週）後的漲跌中位數 −0.1%，一半的情況落在 −0.9%～+0.7%，上漲機率 45.5%（約 163 段獨立樣本）。上漲機率介於 45%～55% 之間，不做方向判斷。走步回測（只算起始日前已到期的決策）方向命中 48%（125 次判定，每週決策的 10 日報酬互相重疊，等效約 62 次獨立判定）、永遠猜漲 49%、永遠猜跌 51%，還不如永遠猜跌（差 3 個百分點）；預測區間實際涵蓋 54%（理想約 50%）。趨勢多頭、動能弱、VIX 15（第 35 分位）只記錄、不參與預測（2008 年起的走步研究裡它們對漲跌沒有預測力）。
2026-W41-0050.TW-H10,即時,2026-10-10,v2,短線,10,2週,台股（台灣 50）,0050.TW,006208.TW,2026-10-07,116.05,116.05,2026-10-21,https://finance.yahoo.com/quote/0050.TW/history,4347,3,通過,15.07,12.84,17.68,50.29,中,106.843,90.2884,28.53,多頭,5.60,80.59,強,15.08,32.47,同波動,1433,143,0.72,-1.59,2.98,57.99,≥55% 偏漲；≤45% 偏跌；其餘不確定,偏漲,462,61.04,61.04,61.04,47.31,,,VOL=中|TREND=多頭|MOM=強|VIXQ=0|SAMPLE=同波動|CALL=偏漲,S0 資料OK → S1 波動:中(第50分位) → S2 趨勢:多頭 → S3 動能:強(第81分位) → S4 VIX:15.1(第32分位) → S5 同波動樣本 143 段 → S6 偏漲(上漲機率58%),過去台股（台灣 50）（0050.TW）波動屬「中」時，10 個交易日（約2週）後的漲跌中位數 +0.7%，一半的情況落在 −1.6%～+3.0%，上漲機率 58%（約 143 段獨立樣本）。判定偏漲，主要反映長期上漲傾向，不是當下訊號。走步回測（只算起始日前已到期的決策）方向命中 61%（462 次判定，每週決策的 10 日報酬互相重疊，等效約 231 次獨立判定）、永遠猜漲 61%、永遠猜跌 39%，和永遠猜漲一樣準，沒有比較準；預測區間實際涵蓋 47%（理想約 50%）。趨勢多頭、動能強、VIX 15（第 32 分位）只記錄、不參與預測（2008 年起的走步研究裡它們對漲跌沒有預測力）。
2026-W41-2330.TW-H10,即時,2026-10-10,v2,短線,10,2週,台積電,2330.TW,2330.TW,2026-10-08,2550,2550,2026-10-22,https://finance.yahoo.com/quote/2330.TW/history,6654,2,通過,18.45,21.53,29.98,17.20,低,2417.1888,2112.2958,20.72,多頭,3.54,62.72,中,15.41,34.54,同波動,2200,220,1.00,-1.49,3.57,59.23,≥55% 偏漲；≤45% 偏跌；其餘不確定,偏漲,398,60.55,60.55,60.55,53.06,,,VOL=低|TREND=多頭|MOM=中|VIXQ=1|SAMPLE=同波動|CALL=偏漲,S0 資料OK → S1 波動:低(第17分位) → S2 趨勢:多頭 → S3 動能:中(第63分位) → S4 VIX:15.4(第35分位) → S5 同波動樣本 220 段 → S6 偏漲(上漲機率59%),過去台積電（2330.TW）波動屬「低」時，10 個交易日（約2週）後的漲跌中位數 +1.0%，一半的情況落在 −1.5%～+3.6%，上漲機率 59%（約 220 段獨立樣本）。判定偏漲，主要反映長期上漲傾向，不是當下訊號。走步回測（只算起始日前已到期的決策）方向命中 61%（398 次判定，每週決策的 10 日報酬互相重疊，等效約 199 次獨立判定）、永遠猜漲 61%、永遠猜跌 39%，和永遠猜漲一樣準，沒有比較準；預測區間實際涵蓋 53%（理想約 50%）。趨勢多頭、動能中、VIX 15（第 35 分位）只記錄、不參與預測（2008 年起的走步研究裡它們對漲跌沒有預測力）。
2026-W41-SOXX-H10,即時,2026-10-10,v2,短線,10,2週,美國半導體,SOXX,00891.TW,2026-10-08,563.28,563.28,2026-10-22,https://finance.yahoo.com/quote/SOXX/history,6347,2,通過,37.05,21.33,31.98,79.23,高,536.0495,460.4721,22.33,多頭,8.93,84.67,強,15.41,34.54,同波動,2100,210,1.09,-4.10,6.14,56.29,≥55% 偏漲；≤45% 偏跌；其餘不確定,偏漲,490,59.18,59.39,59.39,47.80,,,VOL=高|TREND=多頭|MOM=強|VIXQ=1|SAMPLE=同波動|CALL=偏漲,S0 資料OK → S1 波動:高(第79分位) → S2 趨勢:多頭 → S3 動能:強(第85分位) → S4 VIX:15.4(第35分位) → S5 同波動樣本 210 段 → S6 偏漲(上漲機率56%),過去美國半導體（SOXX）波動屬「高」時，10 個交易日（約2週）後的漲跌中位數 +1.1%，一半的情況落在 −4.1%～+6.1%，上漲機率 56%（約 210 段獨立樣本）。判定偏漲，主要反映長期上漲傾向，不是當下訊號。走步回測（只算起始日前已到期的決策）方向命中 59%（490 次判定，每週決策的 10 日報酬互相重疊，等效約 245 次獨立判定）、永遠猜漲 59%、永遠猜跌 41%，和永遠猜漲一樣準，沒有比較準；預測區間實際涵蓋 48%（理想約 50%）。趨勢多頭、動能強、VIX 15（第 35 分位）只記錄、不參與預測（2008 年起的走步研究裡它們對漲跌沒有預測力）。
2026-W41-SPY-H10,即時,2026-10-10,v2,短線,10,2週,美股 S&P 500,SPY,00646.TW,2026-10-08,773.93,773.93,2026-10-22,https://finance.yahoo.com/quote/SPY/history,8481,2,通過,9.87,10.40,16.28,29.00,低,765.5093,719.1626,7.62,多頭,2.38,62.24,中,15.41,34.54,同波動,2803,280,0.56,-0.63,1.62,63.40,≥55% 偏漲；≤45% 偏跌；其餘不確定,偏漲,953,64.43,64.43,64.43,46.67,,,VOL=低|TREND=多頭|MOM=中|VIXQ=1|SAMPLE=同波動|CALL=偏漲,S0 資料OK → S1 波動:低(第29分位) → S2 趨勢:多頭 → S3 動能:中(第62分位) → S4 VIX:15.4(第35分位) → S5 同波動樣本 280 段 → S6 偏漲(上漲機率63%),過去美股 S&P 500（SPY）波動屬「低」時，10 個交易日（約2週）後的漲跌中位數 +0.6%，一半的情況落在 −0.6%～+1.6%，上漲機率 63%（約 280 段獨立樣本）。判定偏漲，主要反映長期上漲傾向，不是當下訊號。走步回測（只算起始日前已到期的決策）方向命中 64%（953 次判定，每週決策的 10 日報酬互相重疊，等效約 476 次獨立判定）、永遠猜漲 64%、永遠猜跌 36%，和永遠猜漲一樣準，沒有比較準；預測區間實際涵蓋 47%（理想約 50%）。趨勢多頭、動能中、VIX 15（第 35 分位）只記錄、不參與預測（2008 年起的走步研究裡它們對漲跌沒有預測力）。
2026-W41-QQQ-H10,即時,2026-10-10,v2,短線,10,2週,那斯達克 100,QQQ,00662.TW,2026-10-08,747.58,747.58,2026-10-22,https://finance.yahoo.com/quote/QQQ/history,6939,2,通過,15.29,14.43,22.78,37.91,中,722.6336,670.2056,11.54,多頭,5.60,80.34,強,15.41,34.54,同波動,2296,229,1.22,-1.17,3.33,65.29,≥55% 偏漲；≤45% 偏跌；其餘不確定,偏漲,813,64.33,64.45,64.45,51.79,,,VOL=中|TREND=多頭|MOM=強|VIXQ=1|SAMPLE=同波動|CALL=偏漲,S0 資料OK → S1 波動:中(第38分位) → S2 趨勢:多頭 → S3 動能:強(第80分位) → S4 VIX:15.4(第35分位) → S5 同波動樣本 229 段 → S6 偏漲(上漲機率65%),過去那斯達克 100（QQQ）波動屬「中」時，10 個交易日（約2週）後的漲跌中位數 +1.2%，一半的情況落在 −1.2%～+3.3%，上漲機率 65%（約 229 段獨立樣本）。判定偏漲，主要反映長期上漲傾向，不是當下訊號。走步回測（只算起始日前已到期的決策）方向命中 64%（813 次判定，每週決策的 10 日報酬互相重疊，等效約 406 次獨立判定）、永遠猜漲 64%、永遠猜跌 36%，和永遠猜漲一樣準，沒有比較準；預測區間實際涵蓋 52%（理想約 50%）。趨勢多頭、動能強、VIX 15（第 35 分位）只記錄、不參與預測（2008 年起的走步研究裡它們對漲跌沒有預測力）。
2026-W41-EWJ-H10,即時,2026-10-10,v2,短線,10,2週,日股,EWJ,00645.TW,2026-10-08,97.32,97.32,2026-10-22,https://finance.yahoo.com/quote/EWJ/history,7690,2,通過,18.15,14.95,21.15,52.92,中,96.6236,90.4725,7.57,多頭,0.91,53.23,中,15.41,34.54,同波動,2553,255,0.40,-1.91,2.48,53.74,≥55% 偏漲；≤45% 偏跌；其餘不確定,不確定,21,47.62,61.90,61.90,55.99,,,VOL=中|TREND=多頭|MOM=中|VIXQ=1|SAMPLE=同波動|CALL=不確定,S0 資料OK → S1 波動:中(第53分位) → S2 趨勢:多頭 → S3 動能:中(第53分位) → S4 VIX:15.4(第35分位) → S5 同波動樣本 255 段 → S6 不確定(上漲機率54%),過去日股（EWJ）波動屬「中」時，10 個交易日（約2週）後的漲跌中位數 +0.4%，一半的情況落在 −1.9%～+2.5%，上漲機率 54%（約 255 段獨立樣本）。上漲機率介於 45%～55% 之間，不做方向判斷。走步回測（只算起始日前已到期的決策）方向命中 48%（21 次判定，每週決策的 10 日報酬互相重疊，等效約 10 次獨立判定）、永遠猜漲 62%、永遠猜跌 38%，還不如永遠猜漲（差 14 個百分點）；預測區間實際涵蓋 56%（理想約 50%）。趨勢多頭、動能中、VIX 15（第 35 分位）只記錄、不參與預測（2008 年起的走步研究裡它們對漲跌沒有預測力）。
2026-W41-EWH-H10,即時,2026-10-10,v2,短線,10,2週,港股,EWH,無,2026-10-08,21.72,21.72,2026-10-22,https://finance.yahoo.com/quote/EWH/history,7690,2,通過,16.09,15.83,23.13,35.15,中,22.5906,22.5335,-3.61,盤整,-3.34,23.64,弱,15.41,34.54,同波動,2548,254,0.36,-2.29,2.75,53.14,≥55% 偏漲；≤45% 偏跌；其餘不確定,不確定,548,51.46,51.28,51.28,48.82,,,VOL=中|TREND=盤整|MOM=弱|VIXQ=1|SAMPLE=同波動|CALL=不確定,S0 資料OK → S1 波動:中(第35分位) → S2 趨勢:盤整 → S3 動能:弱(第24分位) → S4 VIX:15.4(第35分位) → S5 同波動樣本 254 段 → S6 不確定(上漲機率53%),過去港股（EWH）波動屬「中」時，10 個交易日（約2週）後的漲跌中位數 +0.4%，一半的情況落在 −2.3%～+2.8%，上漲機率 53%（約 254 段獨立樣本）。上漲機率介於 45%～55% 之間，不做方向判斷。走步回測（只算起始日前已到期的決策）方向命中 51%（548 次判定，每週決策的 10 日報酬互相重疊，等效約 274 次獨立判定）、永遠猜漲 51%、永遠猜跌 49%，和永遠猜漲一樣準，沒有比較準；預測區間實際涵蓋 49%（理想約 50%）。趨勢盤整、動能弱、VIX 15（第 35 分位）只記錄、不參與預測（2008 年起的走步研究裡它們對漲跌沒有預測力）。
2026-W41-USO-H10,即時,2026-10-10,v2,短線,10,2週,原油,USO,00642U.TW,2026-10-08,147.58,147.58,2026-10-22,https://finance.yahoo.com/quote/USO/history,5157,2,通過,40.11,23.90,33.79,80.57,高,138.7498,116.7279,26.43,多頭,-6.82,20.67,弱,15.41,34.54,同波動,1703,170,0.90,-4.70,5.66,55.02,≥55% 偏漲；≤45% 偏跌；其餘不確定,偏漲,113,34.51,47.79,52.21,51.40,,,VOL=高|TREND=多頭|MOM=弱|VIXQ=1|SAMPLE=同波動|CALL=偏漲,S0 資料OK → S1 波動:高(第81分位) → S2 趨勢:多頭 → S3 動能:弱(第21分位) → S4 VIX:15.4(第35分位) → S5 同波動樣本 170 段 → S6 偏漲(上漲機率55.0%),過去原油（USO）波動屬「高」時，10 個交易日（約2週）後的漲跌中位數 +0.9%，一半的情況落在 −4.7%～+5.7%，上漲機率 55.0%（約 170 段獨立樣本）。判定偏漲，主要反映長期上漲傾向，不是當下訊號。走步回測（只算起始日前已到期的決策）方向命中 35%（113 次判定，每週決策的 10 日報酬互相重疊，等效約 56 次獨立判定）、永遠猜漲 48%、永遠猜跌 52%，還不如永遠猜跌（差 18 個百分點）；預測區間實際涵蓋 51%（理想約 50%）。趨勢多頭、動能弱、VIX 15（第 35 分位）只記錄、不參與預測（2008 年起的走步研究裡它們對漲跌沒有預測力）。
2026-W41-UNG-H10,即時,2026-10-10,v2,短線,10,2週,天然氣,UNG,無,2026-10-08,10.81,10.81,2026-10-22,https://finance.yahoo.com/quote/UNG/history,4901,2,通過,43.26,33.09,48.66,55.50,中,10.3318,11.3267,-4.56,空頭,6.08,76.09,強,15.41,34.54,同波動,1618,161,-0.92,-6.49,5.20,45.80,≥55% 偏漲；≤45% 偏跌；其餘不確定,不確定,646,56.04,43.81,56.19,49.50,,,VOL=中|TREND=空頭|MOM=強|VIXQ=1|SAMPLE=同波動|CALL=不確定,S0 資料OK → S1 波動:中(第56分位) → S2 趨勢:空頭 → S3 動能:強(第76分位) → S4 VIX:15.4(第35分位) → S5 同波動樣本 161 段 → S6 不確定(上漲機率46%),過去天然氣（UNG）波動屬「中」時，10 個交易日（約2週）後的漲跌中位數 −0.9%，一半的情況落在 −6.5%～+5.2%，上漲機率 46%（約 161 段獨立樣本）。上漲機率介於 45%～55% 之間，不做方向判斷。走步回測（只算起始日前已到期的決策）方向命中 56%（646 次判定，每週決策的 10 日報酬互相重疊，等效約 323 次獨立判定）、永遠猜漲 44%、永遠猜跌 56%，和永遠猜跌一樣準，沒有比較準；預測區間實際涵蓋 50%（理想約 50%）。趨勢空頭、動能強、VIX 15（第 35 分位）只記錄、不參與預測（2008 年起的走步研究裡它們對漲跌沒有預測力）。
2026-W41-CPER-H10,即時,2026-10-10,v2,短線,10,2週,銅,CPER,無,2026-10-08,39.46,39.46,2026-10-22,https://finance.yahoo.com/quote/CPER/history,3745,2,通過,20.52,17.37,23.43,51.41,中,39.8862,37.5781,5.01,多頭,1.08,54.71,中,15.41,34.54,同波動,1241,124,0.04,-2.54,2.80,50.20,≥55% 偏漲；≤45% 偏跌；其餘不確定,不確定,118,40.68,56.78,56.78,48.59,,,VOL=中|TREND=多頭|MOM=中|VIXQ=1|SAMPLE=同波動|CALL=不確定,S0 資料OK → S1 波動:中(第51分位) → S2 趨勢:多頭 → S3 動能:中(第55分位) → S4 VIX:15.4(第35分位) → S5 同波動樣本 124 段 → S6 不確定(上漲機率50%),過去銅（CPER）波動屬「中」時，10 個交易日（約2週）後的漲跌中位數 0.0%，一半的情況落在 −2.5%～+2.8%，上漲機率 50%（約 124 段獨立樣本）。上漲機率介於 45%～55% 之間，不做方向判斷。走步回測（只算起始日前已到期的決策）方向命中 41%（118 次判定，每週決策的 10 日報酬互相重疊，等效約 59 次獨立判定）、永遠猜漲 57%、永遠猜跌 43%，還不如永遠猜漲（差 16 個百分點）；預測區間實際涵蓋 49%（理想約 50%）。趨勢多頭、動能中、VIX 15（第 35 分位）只記錄、不參與預測（2008 年起的走步研究裡它們對漲跌沒有預測力）。
2026-W41-SLV-H10,即時,2026-10-10,v2,短線,10,2週,白銀,SLV,無,2026-10-08,53.45,53.45,2026-10-22,https://finance.yahoo.com/quote/SLV/history,5144,2,通過,33.74,21.63,30.12,75.08,高,57.9178,65.812,-18.78,空頭,-7.04,15.61,弱,15.41,34.54,同波動,1700,170,0.74,-3.65,6.04,54.76,≥55% 偏漲；≤45% 偏跌；其餘不確定,不確定,371,49.33,51.75,51.75,53.50,,,VOL=高|TREND=空頭|MOM=弱|VIXQ=1|SAMPLE=同波動|CALL=不確定,S0 資料OK → S1 波動:高(第75分位) → S2 趨勢:空頭 → S3 動能:弱(第16分位) → S4 VIX:15.4(第35分位) → S5 同波動樣本 170 段 → S6 不確定(上漲機率54.8%),過去白銀（SLV）波動屬「高」時，10 個交易日（約2週）後的漲跌中位數 +0.7%，一半的情況落在 −3.6%～+6.0%，上漲機率 54.8%（約 170 段獨立樣本）。上漲機率介於 45%～55% 之間，不做方向判斷。走步回測（只算起始日前已到期的決策）方向命中 49%（371 次判定，每週決策的 10 日報酬互相重疊，等效約 186 次獨立判定）、永遠猜漲 52%、永遠猜跌 48%，還不如永遠猜漲（差 2 個百分點）；預測區間實際涵蓋 54%（理想約 50%）。趨勢空頭、動能弱、VIX 15（第 35 分位）只記錄、不參與預測（2008 年起的走步研究裡它們對漲跌沒有預測力）。
2026-W41-PPLT-H10,即時,2026-10-10,v2,短線,10,2週,白金,PPLT,無,2026-10-08,14.82,14.82,2026-10-22,https://finance.yahoo.com/quote/PPLT/history,4213,2,通過,29.53,17.55,24.45,82.92,高,15.9668,17.6443,-16.01,空頭,-8.12,8.61,弱,15.41,34.54,同波動,1388,138,0.85,-2.76,4.36,56.48,≥55% 偏漲；≤45% 偏跌；其餘不確定,偏漲,114,46.49,52.63,52.63,48.42,,,VOL=高|TREND=空頭|MOM=弱|VIXQ=1|SAMPLE=同波動|CALL=偏漲,S0 資料OK → S1 波動:高(第83分位) → S2 趨勢:空頭 → S3 動能:弱(第9分位) → S4 VIX:15.4(第35分位) → S5 同波動樣本 138 段 → S6 偏漲(上漲機率56%),過去白金（PPLT）波動屬「高」時，10 個交易日（約2週）後的漲跌中位數 +0.8%，一半的情況落在 −2.8%～+4.4%，上漲機率 56%（約 138 段獨立樣本）。判定偏漲，主要反映長期上漲傾向，不是當下訊號。走步回測（只算起始日前已到期的決策）方向命中 46%（114 次判定，每週決策的 10 日報酬互相重疊，等效約 57 次獨立判定）、永遠猜漲 53%、永遠猜跌 47%，還不如永遠猜漲（差 6 個百分點）；預測區間實際涵蓋 48%（理想約 50%）。趨勢空頭、動能弱、VIX 15（第 35 分位）只記錄、不參與預測（2008 年起的走步研究裡它們對漲跌沒有預測力）。
2026-W41-DBA-H10,即時,2026-10-10,v2,短線,10,2週,農產品,DBA,無,2026-10-08,28.34,28.34,2026-10-22,https://finance.yahoo.com/quote/DBA/history,4971,2,通過,13.12,10.70,14.44,57.48,中,28.3944,27.1864,4.24,多頭,-3.34,16.54,弱,15.41,34.54,同波動,1644,164,0.00,-1.69,1.69,50.00,≥55% 偏漲；≤45% 偏跌；其餘不確定,不確定,405,51.36,46.91,53.09,48.54,,,VOL=中|TREND=多頭|MOM=弱|VIXQ=1|SAMPLE=同波動|CALL=不確定,S0 資料OK → S1 波動:中(第57分位) → S2 趨勢:多頭 → S3 動能:弱(第17分位) → S4 VIX:15.4(第35分位) → S5 同波動樣本 164 段 → S6 不確定(上漲機率50%),過去農產品（DBA）波動屬「中」時，10 個交易日（約2週）後的漲跌中位數 0.0%，一半的情況落在 −1.7%～+1.7%，上漲機率 50%（約 164 段獨立樣本）。上漲機率介於 45%～55% 之間，不做方向判斷。走步回測（只算起始日前已到期的決策）方向命中 51%（405 次判定，每週決策的 10 日報酬互相重疊，等效約 202 次獨立判定）、永遠猜漲 47%、永遠猜跌 53%，還不如永遠猜跌（差 2 個百分點）；預測區間實際涵蓋 49%（理想約 50%）。趨勢多頭、動能弱、VIX 15（第 35 分位）只記錄、不參與預測（2008 年起的走步研究裡它們對漲跌沒有預測力）。
2026-W41-MOS-H10,即時,2026-10-10,v2,短線,10,2週,肥料股,MOS,CF／NTR／1722.TW,2026-10-08,19.73,19.73,2026-10-22,https://finance.yahoo.com/quote/MOS/history,9260,2,通過,32.50,28.91,40.27,44.24,中,23.2716,24.0511,-17.97,空頭,-22.32,1.86,弱,15.41,34.54,同波動,3069,306,0.53,-4.86,5.30,52.46,≥55% 偏漲；≤45% 偏跌；其餘不確定,不確定,0,,,,50.87,,,VOL=中|TREND=空頭|MOM=弱|VIXQ=1|SAMPLE=同波動|CALL=不確定,S0 資料OK → S1 波動:中(第44分位) → S2 趨勢:空頭 → S3 動能:弱(第2分位) → S4 VIX:15.4(第35分位) → S5 同波動樣本 306 段 → S6 不確定(上漲機率52%),過去肥料股（MOS）波動屬「中」時，10 個交易日（約2週）後的漲跌中位數 +0.5%，一半的情況落在 −4.9%～+5.3%，上漲機率 52%（約 306 段獨立樣本）。上漲機率介於 45%～55% 之間，不做方向判斷。走步回測（977 次決策）沒有方向判定可比；預測區間實際涵蓋 51%（理想約 50%）。趨勢空頭、動能弱、VIX 15（第 35 分位）只記錄、不參與預測（2008 年起的走步研究裡它們對漲跌沒有預測力）。
2026-W41-BRK-B-H10,即時,2026-10-10,v2,短線,10,2週,波克夏,BRK-B,無,2026-10-08,511.05,511.05,2026-10-22,https://finance.yahoo.com/quote/BRK-B/history,7653,2,通過,12.09,12.91,18.65,25.77,低,507.6494,492.8915,3.68,多頭,0.80,50.11,中,15.41,34.54,同波動,2534,253,0.36,-1.20,2.07,55.72,≥55% 偏漲；≤45% 偏跌；其餘不確定,偏漲,487,51.75,51.75,51.75,50.15,,,VOL=低|TREND=多頭|MOM=中|VIXQ=1|SAMPLE=同波動|CALL=偏漲,S0 資料OK → S1 波動:低(第26分位) → S2 趨勢:多頭 → S3 動能:中(第50分位) → S4 VIX:15.4(第35分位) → S5 同波動樣本 253 段 → S6 偏漲(上漲機率56%),過去波克夏（BRK-B）波動屬「低」時，10 個交易日（約2週）後的漲跌中位數 +0.4%，一半的情況落在 −1.2%～+2.1%，上漲機率 56%（約 253 段獨立樣本）。判定偏漲，主要反映長期上漲傾向，不是當下訊號。走步回測（只算起始日前已到期的決策）方向命中 52%（487 次判定，每週決策的 10 日報酬互相重疊，等效約 244 次獨立判定）、永遠猜漲 52%、永遠猜跌 48%，和永遠猜漲一樣準，沒有比較準；預測區間實際涵蓋 50%（理想約 50%）。趨勢多頭、動能中、VIX 15（第 35 分位）只記錄、不參與預測（2008 年起的走步研究裡它們對漲跌沒有預測力）。
2026-W41-TLT-H21,即時,2026-10-10,v2,中線,21,1個月,美國長天期公債,TLT,00679B.TWO／00687B.TWO,2026-10-08,77.87,77.87,2026-11-06,https://finance.yahoo.com/quote/TLT/history,6088,2,通過,10.45,10.18,13.88,36.63,中,80.7306,83.5825,-6.83,空頭,-3.21,15.24,弱,15.41,34.54,同波動,2011,95,0.64,-1.79,2.63,57.24,≥55% 偏漲；≤45% 偏跌；其餘不確定,偏漲,594,51.85,51.85,51.85,47.49,,,VOL=中|TREND=空頭|MOM=弱|VIXQ=1|SAMPLE=同波動|CALL=偏漲,S0 資料OK → S1 波動:中(第37分位) → S2 趨勢:空頭 → S3 動能:弱(第15分位) → S4 VIX:15.4(第35分位) → S5 同波動樣本 95 段 → S6 偏漲(上漲機率57%),過去美國長天期公債（TLT）波動屬「中」時，21 個交易日（約1個月）後的漲跌中位數 +0.6%，一半的情況落在 −1.8%～+2.6%，上漲機率 57%（約 95 段獨立樣本）。判定偏漲，主要反映長期上漲傾向，不是當下訊號。走步回測（只算起始日前已到期的決策）方向命中 52%（594 次判定，每週決策的 21 日報酬互相重疊，等效約 141 次獨立判定）、永遠猜漲 52%、永遠猜跌 48%，和永遠猜漲一樣準，沒有比較準；預測區間實際涵蓋 47%（理想約 50%）。趨勢空頭、動能弱、VIX 15（第 35 分位）只記錄、不參與預測（2008 年起的走步研究裡它們對漲跌沒有預測力）。
2026-W41-LQD-H21,即時,2026-10-10,v2,中線,21,1個月,美國投資級公司債,LQD,00720B.TWO,2026-10-08,102.47,102.47,2026-11-06,https://finance.yahoo.com/quote/LQD/history,6088,2,通過,6.61,4.62,6.49,68.16,高,104.3583,106.1027,-3.42,空頭,-1.39,15.33,弱,15.41,34.54,同波動,2013,95,0.75,-1.00,2.05,63.14,≥55% 偏漲；≤45% 偏跌；其餘不確定,偏漲,916,59.83,59.83,59.83,45.64,,,VOL=高|TREND=空頭|MOM=弱|VIXQ=1|SAMPLE=同波動|CALL=偏漲,S0 資料OK → S1 波動:高(第68分位) → S2 趨勢:空頭 → S3 動能:弱(第15分位) → S4 VIX:15.4(第35分位) → S5 同波動樣本 95 段 → S6 偏漲(上漲機率63%),過去美國投資級公司債（LQD）波動屬「高」時，21 個交易日（約1個月）後的漲跌中位數 +0.8%，一半的情況落在 −1.0%～+2.0%，上漲機率 63%（約 95 段獨立樣本）。判定偏漲，主要反映長期上漲傾向，不是當下訊號。走步回測（只算起始日前已到期的決策）方向命中 60%（916 次判定，每週決策的 21 日報酬互相重疊，等效約 218 次獨立判定）、永遠猜漲 60%、永遠猜跌 40%，和永遠猜漲一樣準，沒有比較準；預測區間實際涵蓋 46%（理想約 50%）。趨勢空頭、動能弱、VIX 15（第 35 分位）只記錄、不參與預測（2008 年起的走步研究裡它們對漲跌沒有預測力）。
2026-W41-HYG-H21,即時,2026-10-10,v2,中線,21,1個月,美國高收益債,HYG,00710B.TW,2026-10-08,77.14,77.14,2026-11-06,https://finance.yahoo.com/quote/HYG/history,4906,2,通過,3.91,4.24,7.10,28.39,低,78.3104,77.9011,-0.98,盤整,-1.45,15.90,弱,15.41,34.54,同波動,1598,76,0.41,-0.32,0.97,64.71,≥55% 偏漲；≤45% 偏跌；其餘不確定,偏漲,773,66.62,66.62,66.62,60.47,,,VOL=低|TREND=盤整|MOM=弱|VIXQ=1|SAMPLE=同波動|CALL=偏漲,S0 資料OK → S1 波動:低(第28分位) → S2 趨勢:盤整 → S3 動能:弱(第16分位) → S4 VIX:15.4(第35分位) → S5 同波動樣本 76 段 → S6 偏漲(上漲機率65%),過去美國高收益債（HYG）波動屬「低」時，21 個交易日（約1個月）後的漲跌中位數 +0.4%，一半的情況落在 −0.3%～+1.0%，上漲機率 65%（約 76 段獨立樣本）。判定偏漲，主要反映長期上漲傾向，不是當下訊號。走步回測（只算起始日前已到期的決策）方向命中 67%（773 次判定，每週決策的 21 日報酬互相重疊，等效約 184 次獨立判定）、永遠猜漲 67%、永遠猜跌 33%，和永遠猜漲一樣準，沒有比較準；預測區間實際涵蓋 60%（理想約 50%），明顯偏高（這個資產的區間常常太寬，區間資訊量很低）。趨勢盤整、動能弱、VIX 15（第 35 分位）只記錄、不參與預測（2008 年起的走步研究裡它們對漲跌沒有預測力）。
2026-W41-GLD-H21,即時,2026-10-10,v2,中線,21,1個月,黃金,GLD,00635U.TW,2026-10-08,378.62,378.62,2026-11-06,https://finance.yahoo.com/quote/GLD/history,5506,2,通過,20.20,12.25,16.80,77.76,高,396.8794,415.7731,-8.94,空頭,-4.48,11.28,弱,15.41,34.54,同波動,1810,86,0.66,-2.64,4.38,55.64,≥55% 偏漲；≤45% 偏跌；其餘不確定,偏漲,593,52.11,52.11,52.11,54.35,,,VOL=高|TREND=空頭|MOM=弱|VIXQ=1|SAMPLE=同波動|CALL=偏漲,S0 資料OK → S1 波動:高(第78分位) → S2 趨勢:空頭 → S3 動能:弱(第11分位) → S4 VIX:15.4(第35分位) → S5 同波動樣本 86 段 → S6 偏漲(上漲機率56%),過去黃金（GLD）波動屬「高」時，21 個交易日（約1個月）後的漲跌中位數 +0.7%，一半的情況落在 −2.6%～+4.4%，上漲機率 56%（約 86 段獨立樣本）。判定偏漲，主要反映長期上漲傾向，不是當下訊號。走步回測（只算起始日前已到期的決策）方向命中 52%（593 次判定，每週決策的 21 日報酬互相重疊，等效約 141 次獨立判定）、永遠猜漲 52%、永遠猜跌 48%，和永遠猜漲一樣準，沒有比較準；預測區間實際涵蓋 54%（理想約 50%）。趨勢空頭、動能弱、VIX 15（第 35 分位）只記錄、不參與預測（2008 年起的走步研究裡它們對漲跌沒有預測力）。
2026-W41-TWD=X-H21,即時,2026-10-10,v2,中線,21,1個月,美元／新台幣,TWD=X,美元定存／00865B.TW,2026-10-08,31.8483,31.8483,2026-11-06,https://finance.yahoo.com/quote/TWD=X/history,5435,2,通過,3.17,4.00,6.37,16.47,低,31.8696,31.7316,0.37,多頭,1.22,82.60,強,15.41,34.54,同波動,1769,84,-0.08,-0.78,0.63,46.92,≥55% 偏漲；≤45% 偏跌；其餘不確定,不確定,239,52.30,50.21,50.21,49.60,,,VOL=低|TREND=多頭|MOM=強|VIXQ=1|SAMPLE=同波動|CALL=不確定,S0 資料OK → S1 波動:低(第16分位) → S2 趨勢:多頭 → S3 動能:強(第83分位) → S4 VIX:15.4(第35分位) → S5 同波動樣本 84 段 → S6 不確定(上漲機率47%),過去美元／新台幣（TWD=X）波動屬「低」時，21 個交易日（約1個月）後的漲跌中位數 −0.1%，一半的情況落在 −0.8%～+0.6%，上漲機率 47%（約 84 段獨立樣本）。上漲機率介於 45%～55% 之間，不做方向判斷。走步回測（只算起始日前已到期的決策）方向命中 52%（239 次判定，每週決策的 21 日報酬互相重疊，等效約 57 次獨立判定）、永遠猜漲 50%、永遠猜跌 50%，只比永遠猜漲高 2 個百分點，在隨機誤差內（±13），不能說比較準；預測區間實際涵蓋 50%（理想約 50%）。趨勢多頭、動能強、VIX 15（第 35 分位）只記錄、不參與預測（2008 年起的走步研究裡它們對漲跌沒有預測力）。
2026-W41-UUP-H21,即時,2026-10-10,v2,中線,21,1個月,美元指數,UUP,00682U.TW,2026-10-08,28.98,28.98,2026-11-06,https://finance.yahoo.com/quote/UUP/history,4934,2,通過,4.58,5.65,7.73,12.52,低,28.2986,27.775,4.34,多頭,3.39,94.10,強,15.41,34.54,同波動,1616,76,0.40,-0.64,1.40,59.59,≥55% 偏漲；≤45% 偏跌；其餘不確定,偏漲,288,54.17,54.51,54.51,51.35,,,VOL=低|TREND=多頭|MOM=強|VIXQ=1|SAMPLE=同波動|CALL=偏漲,S0 資料OK → S1 波動:低(第13分位) → S2 趨勢:多頭 → S3 動能:強(第94分位) → S4 VIX:15.4(第35分位) → S5 同波動樣本 76 段 → S6 偏漲(上漲機率60%),過去美元指數（UUP）波動屬「低」時，21 個交易日（約1個月）後的漲跌中位數 +0.4%，一半的情況落在 −0.6%～+1.4%，上漲機率 60%（約 76 段獨立樣本）。判定偏漲，主要反映長期上漲傾向，不是當下訊號。走步回測（只算起始日前已到期的決策）方向命中 54%（288 次判定，每週決策的 21 日報酬互相重疊，等效約 69 次獨立判定）、永遠猜漲 55%、永遠猜跌 45%，和永遠猜漲一樣準，沒有比較準；預測區間實際涵蓋 51%（理想約 50%）。趨勢多頭、動能強、VIX 15（第 35 分位）只記錄、不參與預測（2008 年起的走步研究裡它們對漲跌沒有預測力）。
2026-W41-FXY-H21,即時,2026-10-10,v2,中線,21,1個月,日圓,FXY,無,2026-10-08,58.05,58.05,2026-11-06,https://finance.yahoo.com/quote/FXY/history,4945,2,通過,6.40,6.92,10.02,27.70,低,58.1152,57.9395,0.19,多頭,-2.27,18.13,弱,15.41,34.54,同波動,1637,77,-0.24,-1.34,0.81,44.29,≥55% 偏漲；≤45% 偏跌；其餘不確定,偏跌,176,49.43,48.86,51.14,54.97,,,VOL=低|TREND=多頭|MOM=弱|VIXQ=1|SAMPLE=同波動|CALL=偏跌,S0 資料OK → S1 波動:低(第28分位) → S2 趨勢:多頭 → S3 動能:弱(第18分位) → S4 VIX:15.4(第35分位) → S5 同波動樣本 77 段 → S6 偏跌(上漲機率44%),過去日圓（FXY）波動屬「低」時，21 個交易日（約1個月）後的漲跌中位數 −0.2%，一半的情況落在 −1.3%～+0.8%，上漲機率 44%（約 77 段獨立樣本）。判定偏跌，只表示這個波動狀態下歷史上跌的次數比漲多，是歷史傾向，不是當下訊號。走步回測（只算起始日前已到期的決策）方向命中 49%（176 次判定，每週決策的 21 日報酬互相重疊，等效約 42 次獨立判定）、永遠猜漲 49%、永遠猜跌 51%，還不如永遠猜跌（差 2 個百分點）；預測區間實際涵蓋 55%（理想約 50%）。趨勢多頭、動能弱、VIX 15（第 35 分位）只記錄、不參與預測（2008 年起的走步研究裡它們對漲跌沒有預測力）。
2026-W41-0050.TW-H21,即時,2026-10-10,v2,中線,21,1個月,台股（台灣 50）,0050.TW,006208.TW,2026-10-07,116.05,116.05,2026-11-05,https://finance.yahoo.com/quote/0050.TW/history,4347,3,通過,15.07,12.84,17.68,50.29,中,106.843,90.2884,28.53,多頭,5.60,80.59,強,15.08,32.47,同波動,1424,67,1.38,-2.22,4.80,60.04,≥55% 偏漲；≤45% 偏跌；其餘不確定,偏漲,604,64.57,64.57,64.57,48.65,,,VOL=中|TREND=多頭|MOM=強|VIXQ=0|SAMPLE=同波動|CALL=偏漲,S0 資料OK → S1 波動:中(第50分位) → S2 趨勢:多頭 → S3 動能:強(第81分位) → S4 VIX:15.1(第32分位) → S5 同波動樣本 67 段 → S6 偏漲(上漲機率60%),過去台股（台灣 50）（0050.TW）波動屬「中」時，21 個交易日（約1個月）後的漲跌中位數 +1.4%，一半的情況落在 −2.2%～+4.8%，上漲機率 60%（約 67 段獨立樣本）。判定偏漲，主要反映長期上漲傾向，不是當下訊號。走步回測（只算起始日前已到期的決策）方向命中 65%（604 次判定，每週決策的 21 日報酬互相重疊，等效約 144 次獨立判定）、永遠猜漲 65%、永遠猜跌 35%，和永遠猜漲一樣準，沒有比較準；預測區間實際涵蓋 49%（理想約 50%）。趨勢多頭、動能強、VIX 15（第 32 分位）只記錄、不參與預測（2008 年起的走步研究裡它們對漲跌沒有預測力）。
2026-W41-2330.TW-H21,即時,2026-10-10,v2,中線,21,1個月,台積電,2330.TW,2330.TW,2026-10-08,2550,2550,2026-11-06,https://finance.yahoo.com/quote/2330.TW/history,6654,2,通過,18.45,21.53,29.98,17.20,低,2417.1888,2112.2958,20.72,多頭,3.54,62.72,中,15.41,34.54,同波動,2189,104,2.10,-1.14,6.16,66.15,≥55% 偏漲；≤45% 偏跌；其餘不確定,偏漲,618,61.33,63.11,63.11,51.09,,,VOL=低|TREND=多頭|MOM=中|VIXQ=1|SAMPLE=同波動|CALL=偏漲,S0 資料OK → S1 波動:低(第17分位) → S2 趨勢:多頭 → S3 動能:中(第63分位) → S4 VIX:15.4(第35分位) → S5 同波動樣本 104 段 → S6 偏漲(上漲機率66%),過去台積電（2330.TW）波動屬「低」時，21 個交易日（約1個月）後的漲跌中位數 +2.1%，一半的情況落在 −1.1%～+6.2%，上漲機率 66%（約 104 段獨立樣本）。判定偏漲，主要反映長期上漲傾向，不是當下訊號。走步回測（只算起始日前已到期的決策）方向命中 61%（618 次判定，每週決策的 21 日報酬互相重疊，等效約 147 次獨立判定）、永遠猜漲 63%、永遠猜跌 37%，還不如永遠猜漲（差 2 個百分點）；預測區間實際涵蓋 51%（理想約 50%）。趨勢多頭、動能中、VIX 15（第 35 分位）只記錄、不參與預測（2008 年起的走步研究裡它們對漲跌沒有預測力）。
2026-W41-SOXX-H21,即時,2026-10-10,v2,中線,21,1個月,美國半導體,SOXX,00891.TW,2026-10-08,563.28,563.28,2026-11-06,https://finance.yahoo.com/quote/SOXX/history,6347,2,通過,37.05,21.33,31.98,79.23,高,536.0495,460.4721,22.33,多頭,8.93,84.67,強,15.41,34.54,同波動,2089,99,2.51,-4.78,9.21,58.74,≥55% 偏漲；≤45% 偏跌；其餘不確定,偏漲,579,63.39,63.39,63.39,50.05,,,VOL=高|TREND=多頭|MOM=強|VIXQ=1|SAMPLE=同波動|CALL=偏漲,S0 資料OK → S1 波動:高(第79分位) → S2 趨勢:多頭 → S3 動能:強(第85分位) → S4 VIX:15.4(第35分位) → S5 同波動樣本 99 段 → S6 偏漲(上漲機率59%),過去美國半導體（SOXX）波動屬「高」時，21 個交易日（約1個月）後的漲跌中位數 +2.5%，一半的情況落在 −4.8%～+9.2%，上漲機率 59%（約 99 段獨立樣本）。判定偏漲，主要反映長期上漲傾向，不是當下訊號。走步回測（只算起始日前已到期的決策）方向命中 63%（579 次判定，每週決策的 21 日報酬互相重疊，等效約 138 次獨立判定）、永遠猜漲 63%、永遠猜跌 37%，和永遠猜漲一樣準，沒有比較準；預測區間實際涵蓋 50%（理想約 50%）。趨勢多頭、動能強、VIX 15（第 35 分位）只記錄、不參與預測（2008 年起的走步研究裡它們對漲跌沒有預測力）。
2026-W41-SPY-H21,即時,2026-10-10,v2,中線,21,1個月,美股 S&P 500,SPY,00646.TW,2026-10-08,773.93,773.93,2026-11-06,https://finance.yahoo.com/quote/SPY/history,8481,2,通過,9.87,10.40,16.28,29.00,低,765.5093,719.1626,7.62,多頭,2.38,62.24,中,15.41,34.54,同波動,2794,133,1.16,-0.70,2.68,67.25,≥55% 偏漲；≤45% 偏跌；其餘不確定,偏漲,975,68.41,68.41,68.41,49.33,,,VOL=低|TREND=多頭|MOM=中|VIXQ=1|SAMPLE=同波動|CALL=偏漲,S0 資料OK → S1 波動:低(第29分位) → S2 趨勢:多頭 → S3 動能:中(第62分位) → S4 VIX:15.4(第35分位) → S5 同波動樣本 133 段 → S6 偏漲(上漲機率67%),過去美股 S&P 500（SPY）波動屬「低」時，21 個交易日（約1個月）後的漲跌中位數 +1.2%，一半的情況落在 −0.7%～+2.7%，上漲機率 67%（約 133 段獨立樣本）。判定偏漲，主要反映長期上漲傾向，不是當下訊號。走步回測（只算起始日前已到期的決策）方向命中 68%（975 次判定，每週決策的 21 日報酬互相重疊，等效約 232 次獨立判定）、永遠猜漲 68%、永遠猜跌 32%，和永遠猜漲一樣準，沒有比較準；預測區間實際涵蓋 49%（理想約 50%）。趨勢多頭、動能中、VIX 15（第 35 分位）只記錄、不參與預測（2008 年起的走步研究裡它們對漲跌沒有預測力）。
2026-W41-QQQ-H21,即時,2026-10-10,v2,中線,21,1個月,那斯達克 100,QQQ,00662.TW,2026-10-08,747.58,747.58,2026-11-06,https://finance.yahoo.com/quote/QQQ/history,6939,2,通過,15.29,14.43,22.78,37.91,中,722.6336,670.2056,11.54,多頭,5.60,80.34,強,15.41,34.54,同波動,2292,109,2.59,-1.08,5.53,69.02,≥55% 偏漲；≤45% 偏跌；其餘不確定,偏漲,868,66.01,66.71,66.71,54.97,,,VOL=中|TREND=多頭|MOM=強|VIXQ=1|SAMPLE=同波動|CALL=偏漲,S0 資料OK → S1 波動:中(第38分位) → S2 趨勢:多頭 → S3 動能:強(第80分位) → S4 VIX:15.4(第35分位) → S5 同波動樣本 109 段 → S6 偏漲(上漲機率69%),過去那斯達克 100（QQQ）波動屬「中」時，21 個交易日（約1個月）後的漲跌中位數 +2.6%，一半的情況落在 −1.1%～+5.5%，上漲機率 69%（約 109 段獨立樣本）。判定偏漲，主要反映長期上漲傾向，不是當下訊號。走步回測（只算起始日前已到期的決策）方向命中 66%（868 次判定，每週決策的 21 日報酬互相重疊，等效約 207 次獨立判定）、永遠猜漲 67%、永遠猜跌 33%，還不如永遠猜漲（差 1 個百分點）；預測區間實際涵蓋 55%（理想約 50%）。趨勢多頭、動能強、VIX 15（第 35 分位）只記錄、不參與預測（2008 年起的走步研究裡它們對漲跌沒有預測力）。
2026-W41-EWJ-H21,即時,2026-10-10,v2,中線,21,1個月,日股,EWJ,00645.TW,2026-10-08,97.32,97.32,2026-11-06,https://finance.yahoo.com/quote/EWJ/history,7690,2,通過,18.15,14.95,21.15,52.92,中,96.6236,90.4725,7.57,多頭,0.91,53.23,中,15.41,34.54,同波動,2547,121,0.81,-2.70,3.75,56.38,≥55% 偏漲；≤45% 偏跌；其餘不確定,偏漲,128,53.12,55.47,55.47,54.46,,,VOL=中|TREND=多頭|MOM=中|VIXQ=1|SAMPLE=同波動|CALL=偏漲,S0 資料OK → S1 波動:中(第53分位) → S2 趨勢:多頭 → S3 動能:中(第53分位) → S4 VIX:15.4(第35分位) → S5 同波動樣本 121 段 → S6 偏漲(上漲機率56%),過去日股（EWJ）波動屬「中」時，21 個交易日（約1個月）後的漲跌中位數 +0.8%，一半的情況落在 −2.7%～+3.8%，上漲機率 56%（約 121 段獨立樣本）。判定偏漲，主要反映長期上漲傾向，不是當下訊號。走步回測（只算起始日前已到期的決策）方向命中 53%（128 次判定，每週決策的 21 日報酬互相重疊，等效約 30 次獨立判定）、永遠猜漲 55%、永遠猜跌 45%，還不如永遠猜漲（差 2 個百分點）；預測區間實際涵蓋 54%（理想約 50%）。趨勢多頭、動能中、VIX 15（第 35 分位）只記錄、不參與預測（2008 年起的走步研究裡它們對漲跌沒有預測力）。
2026-W41-EWH-H21,即時,2026-10-10,v2,中線,21,1個月,港股,EWH,無,2026-10-08,21.72,21.72,2026-11-06,https://finance.yahoo.com/quote/EWH/history,7690,2,通過,16.09,15.83,23.13,35.15,中,22.5906,22.5335,-3.61,盤整,-3.34,23.64,弱,15.41,34.54,同波動,2546,121,0.99,-2.51,4.08,57.66,≥55% 偏漲；≤45% 偏跌；其餘不確定,偏漲,836,52.39,53.47,53.47,49.13,,,VOL=中|TREND=盤整|MOM=弱|VIXQ=1|SAMPLE=同波動|CALL=偏漲,S0 資料OK → S1 波動:中(第35分位) → S2 趨勢:盤整 → S3 動能:弱(第24分位) → S4 VIX:15.4(第35分位) → S5 同波動樣本 121 段 → S6 偏漲(上漲機率58%),過去港股（EWH）波動屬「中」時，21 個交易日（約1個月）後的漲跌中位數 +1.0%，一半的情況落在 −2.5%～+4.1%，上漲機率 58%（約 121 段獨立樣本）。判定偏漲，主要反映長期上漲傾向，不是當下訊號。走步回測（只算起始日前已到期的決策）方向命中 52%（836 次判定，每週決策的 21 日報酬互相重疊，等效約 199 次獨立判定）、永遠猜漲 53%、永遠猜跌 47%，還不如永遠猜漲（差 1 個百分點）；預測區間實際涵蓋 49%（理想約 50%）。趨勢盤整、動能弱、VIX 15（第 35 分位）只記錄、不參與預測（2008 年起的走步研究裡它們對漲跌沒有預測力）。
2026-W41-USO-H21,即時,2026-10-10,v2,中線,21,1個月,原油,USO,00642U.TW,2026-10-08,147.58,147.58,2026-11-06,https://finance.yahoo.com/quote/USO/history,5157,2,通過,40.11,23.90,33.79,80.57,高,138.7498,116.7279,26.43,多頭,-6.82,20.67,弱,15.41,34.54,同波動,1692,80,0.90,-6.78,8.34,53.43,≥55% 偏漲；≤45% 偏跌；其餘不確定,不確定,469,51.39,56.50,56.50,52.21,,,VOL=高|TREND=多頭|MOM=弱|VIXQ=1|SAMPLE=同波動|CALL=不確定,S0 資料OK → S1 波動:高(第81分位) → S2 趨勢:多頭 → S3 動能:弱(第21分位) → S4 VIX:15.4(第35分位) → S5 同波動樣本 80 段 → S6 不確定(上漲機率53%),過去原油（USO）波動屬「高」時，21 個交易日（約1個月）後的漲跌中位數 +0.9%，一半的情況落在 −6.8%～+8.3%，上漲機率 53%（約 80 段獨立樣本）。上漲機率介於 45%～55% 之間，不做方向判斷。走步回測（只算起始日前已到期的決策）方向命中 51%（469 次判定，每週決策的 21 日報酬互相重疊，等效約 112 次獨立判定）、永遠猜漲 56%、永遠猜跌 44%，還不如永遠猜漲（差 5 個百分點）；預測區間實際涵蓋 52%（理想約 50%）。趨勢多頭、動能弱、VIX 15（第 35 分位）只記錄、不參與預測（2008 年起的走步研究裡它們對漲跌沒有預測力）。
2026-W41-UNG-H21,即時,2026-10-10,v2,中線,21,1個月,天然氣,UNG,無,2026-10-08,10.81,10.81,2026-11-06,https://finance.yahoo.com/quote/UNG/history,4901,2,通過,43.26,33.09,48.66,55.50,中,10.3318,11.3267,-4.56,空頭,6.08,76.09,強,15.41,34.54,同波動,1617,77,-1.04,-9.16,6.71,46.57,≥55% 偏漲；≤45% 偏跌；其餘不確定,不確定,640,58.59,41.09,58.91,48.64,,,VOL=中|TREND=空頭|MOM=強|VIXQ=1|SAMPLE=同波動|CALL=不確定,S0 資料OK → S1 波動:中(第56分位) → S2 趨勢:空頭 → S3 動能:強(第76分位) → S4 VIX:15.4(第35分位) → S5 同波動樣本 77 段 → S6 不確定(上漲機率47%),過去天然氣（UNG）波動屬「中」時，21 個交易日（約1個月）後的漲跌中位數 −1.0%，一半的情況落在 −9.2%～+6.7%，上漲機率 47%（約 77 段獨立樣本）。上漲機率介於 45%～55% 之間，不做方向判斷。走步回測（只算起始日前已到期的決策）方向命中 59%（640 次判定，每週決策的 21 日報酬互相重疊，等效約 152 次獨立判定）、永遠猜漲 41%、永遠猜跌 59%，和永遠猜跌一樣準，沒有比較準；預測區間實際涵蓋 49%（理想約 50%）。趨勢空頭、動能強、VIX 15（第 35 分位）只記錄、不參與預測（2008 年起的走步研究裡它們對漲跌沒有預測力）。
2026-W41-CPER-H21,即時,2026-10-10,v2,中線,21,1個月,銅,CPER,無,2026-10-08,39.46,39.46,2026-11-06,https://finance.yahoo.com/quote/CPER/history,3745,2,通過,20.52,17.37,23.43,51.41,中,39.8862,37.5781,5.01,多頭,1.08,54.71,中,15.41,34.54,同波動,1241,59,0.08,-3.39,3.76,50.52,≥55% 偏漲；≤45% 偏跌；其餘不確定,不確定,350,48.86,54.00,54.00,44.88,,,VOL=中|TREND=多頭|MOM=中|VIXQ=1|SAMPLE=同波動|CALL=不確定,S0 資料OK → S1 波動:中(第51分位) → S2 趨勢:多頭 → S3 動能:中(第55分位) → S4 VIX:15.4(第35分位) → S5 同波動樣本 59 段 → S6 不確定(上漲機率51%),過去銅（CPER）波動屬「中」時，21 個交易日（約1個月）後的漲跌中位數 +0.1%，一半的情況落在 −3.4%～+3.8%，上漲機率 51%（約 59 段獨立樣本）。上漲機率介於 45%～55% 之間，不做方向判斷。走步回測（只算起始日前已到期的決策）方向命中 49%（350 次判定，每週決策的 21 日報酬互相重疊，等效約 83 次獨立判定）、永遠猜漲 54%、永遠猜跌 46%，還不如永遠猜漲（差 5 個百分點）；預測區間實際涵蓋 45%（理想約 50%）。趨勢多頭、動能中、VIX 15（第 35 分位）只記錄、不參與預測（2008 年起的走步研究裡它們對漲跌沒有預測力）。
2026-W41-SLV-H21,即時,2026-10-10,v2,中線,21,1個月,白銀,SLV,無,2026-10-08,53.45,53.45,2026-11-06,https://finance.yahoo.com/quote/SLV/history,5144,2,通過,33.74,21.63,30.12,75.08,高,57.9178,65.812,-18.78,空頭,-7.04,15.61,弱,15.41,34.54,同波動,1689,80,2.08,-4.46,8.80,57.79,≥55% 偏漲；≤45% 偏跌；其餘不確定,偏漲,555,50.81,50.09,50.09,52.57,,,VOL=高|TREND=空頭|MOM=弱|VIXQ=1|SAMPLE=同波動|CALL=偏漲,S0 資料OK → S1 波動:高(第75分位) → S2 趨勢:空頭 → S3 動能:弱(第16分位) → S4 VIX:15.4(第35分位) → S5 同波動樣本 80 段 → S6 偏漲(上漲機率58%),過去白銀（SLV）波動屬「高」時，21 個交易日（約1個月）後的漲跌中位數 +2.1%，一半的情況落在 −4.5%～+8.8%，上漲機率 58%（約 80 段獨立樣本）。判定偏漲，主要反映長期上漲傾向，不是當下訊號。走步回測（只算起始日前已到期的決策）方向命中 51%（555 次判定，每週決策的 21 日報酬互相重疊，等效約 132 次獨立判定）、永遠猜漲 50%、永遠猜跌 50%，只比永遠猜漲高 1 個百分點，在隨機誤差內（±9），不能說比較準；預測區間實際涵蓋 53%（理想約 50%）。趨勢空頭、動能弱、VIX 15（第 35 分位）只記錄、不參與預測（2008 年起的走步研究裡它們對漲跌沒有預測力）。
2026-W41-PPLT-H21,即時,2026-10-10,v2,中線,21,1個月,白金,PPLT,無,2026-10-08,14.82,14.82,2026-11-06,https://finance.yahoo.com/quote/PPLT/history,4213,2,通過,29.53,17.55,24.45,82.92,高,15.9668,17.6443,-16.01,空頭,-8.12,8.61,弱,15.41,34.54,同波動,1377,65,1.71,-4.05,6.15,57.15,≥55% 偏漲；≤45% 偏跌；其餘不確定,偏漲,294,44.56,45.58,54.42,47.36,,,VOL=高|TREND=空頭|MOM=弱|VIXQ=1|SAMPLE=同波動|CALL=偏漲,S0 資料OK → S1 波動:高(第83分位) → S2 趨勢:空頭 → S3 動能:弱(第9分位) → S4 VIX:15.4(第35分位) → S5 同波動樣本 65 段 → S6 偏漲(上漲機率57%),過去白金（PPLT）波動屬「高」時，21 個交易日（約1個月）後的漲跌中位數 +1.7%，一半的情況落在 −4.0%～+6.2%，上漲機率 57%（約 65 段獨立樣本）。判定偏漲，主要反映長期上漲傾向，不是當下訊號。走步回測（只算起始日前已到期的決策）方向命中 45%（294 次判定，每週決策的 21 日報酬互相重疊，等效約 70 次獨立判定）、永遠猜漲 46%、永遠猜跌 54%，還不如永遠猜跌（差 10 個百分點）；預測區間實際涵蓋 47%（理想約 50%）。趨勢空頭、動能弱、VIX 15（第 35 分位）只記錄、不參與預測（2008 年起的走步研究裡它們對漲跌沒有預測力）。
2026-W41-DBA-H21,即時,2026-10-10,v2,中線,21,1個月,農產品,DBA,無,2026-10-08,28.34,28.34,2026-11-06,https://finance.yahoo.com/quote/DBA/history,4971,2,通過,13.12,10.70,14.44,57.48,中,28.3944,27.1864,4.24,多頭,-3.34,16.54,弱,15.41,34.54,同波動,1633,77,-0.07,-2.20,2.71,48.19,≥55% 偏漲；≤45% 偏跌；其餘不確定,不確定,514,50.39,48.05,51.95,50.12,,,VOL=中|TREND=多頭|MOM=弱|VIXQ=1|SAMPLE=同波動|CALL=不確定,S0 資料OK → S1 波動:中(第57分位) → S2 趨勢:多頭 → S3 動能:弱(第17分位) → S4 VIX:15.4(第35分位) → S5 同波動樣本 77 段 → S6 不確定(上漲機率48%),過去農產品（DBA）波動屬「中」時，21 個交易日（約1個月）後的漲跌中位數 −0.1%，一半的情況落在 −2.2%～+2.7%，上漲機率 48%（約 77 段獨立樣本）。上漲機率介於 45%～55% 之間，不做方向判斷。走步回測（只算起始日前已到期的決策）方向命中 50%（514 次判定，每週決策的 21 日報酬互相重疊，等效約 122 次獨立判定）、永遠猜漲 48%、永遠猜跌 52%，還不如永遠猜跌（差 2 個百分點）；預測區間實際涵蓋 50%（理想約 50%）。趨勢多頭、動能弱、VIX 15（第 35 分位）只記錄、不參與預測（2008 年起的走步研究裡它們對漲跌沒有預測力）。
2026-W41-MOS-H21,即時,2026-10-10,v2,中線,21,1個月,肥料股,MOS,CF／NTR／1722.TW,2026-10-08,19.73,19.73,2026-11-06,https://finance.yahoo.com/quote/MOS/history,9260,2,通過,32.50,28.91,40.27,44.24,中,23.2716,24.0511,-17.97,空頭,-22.32,1.86,弱,15.41,34.54,同波動,3059,145,1.01,-7.00,8.33,52.80,≥55% 偏漲；≤45% 偏跌；其餘不確定,不確定,362,53.87,53.87,53.87,51.28,,,VOL=中|TREND=空頭|MOM=弱|VIXQ=1|SAMPLE=同波動|CALL=不確定,S0 資料OK → S1 波動:中(第44分位) → S2 趨勢:空頭 → S3 動能:弱(第2分位) → S4 VIX:15.4(第35分位) → S5 同波動樣本 145 段 → S6 不確定(上漲機率53%),過去肥料股（MOS）波動屬「中」時，21 個交易日（約1個月）後的漲跌中位數 +1.0%，一半的情況落在 −7.0%～+8.3%，上漲機率 53%（約 145 段獨立樣本）。上漲機率介於 45%～55% 之間，不做方向判斷。走步回測（只算起始日前已到期的決策）方向命中 54%（362 次判定，每週決策的 21 日報酬互相重疊，等效約 86 次獨立判定）、永遠猜漲 54%、永遠猜跌 46%，和永遠猜漲一樣準，沒有比較準；預測區間實際涵蓋 51%（理想約 50%）。趨勢空頭、動能弱、VIX 15（第 35 分位）只記錄、不參與預測（2008 年起的走步研究裡它們對漲跌沒有預測力）。
2026-W41-BRK-B-H21,即時,2026-10-10,v2,中線,21,1個月,波克夏,BRK-B,無,2026-10-08,511.05,511.05,2026-11-06,https://finance.yahoo.com/quote/BRK-B/history,7653,2,通過,12.09,12.91,18.65,25.77,低,507.6494,492.8915,3.68,多頭,0.80,50.11,中,15.41,34.54,同波動,2523,120,1.01,-1.21,3.65,60.76,≥55% 偏漲；≤45% 偏跌；其餘不確定,偏漲,754,59.28,59.28,59.28,50.67,,,VOL=低|TREND=多頭|MOM=中|VIXQ=1|SAMPLE=同波動|CALL=偏漲,S0 資料OK → S1 波動:低(第26分位) → S2 趨勢:多頭 → S3 動能:中(第50分位) → S4 VIX:15.4(第35分位) → S5 同波動樣本 120 段 → S6 偏漲(上漲機率61%),過去波克夏（BRK-B）波動屬「低」時，21 個交易日（約1個月）後的漲跌中位數 +1.0%，一半的情況落在 −1.2%～+3.6%，上漲機率 61%（約 120 段獨立樣本）。判定偏漲，主要反映長期上漲傾向，不是當下訊號。走步回測（只算起始日前已到期的決策）方向命中 59%（754 次判定，每週決策的 21 日報酬互相重疊，等效約 180 次獨立判定）、永遠猜漲 59%、永遠猜跌 41%，和永遠猜漲一樣準，沒有比較準；預測區間實際涵蓋 51%（理想約 50%）。趨勢多頭、動能中、VIX 15（第 35 分位）只記錄、不參與預測（2008 年起的走步研究裡它們對漲跌沒有預測力）。
2026-W41-TLT-H63,即時,2026-10-10,v2,中線,63,3個月,美國長天期公債,TLT,00679B.TWO／00687B.TWO,2026-10-08,77.87,77.87,2027-01-05,https://finance.yahoo.com/quote/TLT/history,6088,2,通過,10.45,10.18,13.88,36.63,中,80.7306,83.5825,-6.83,空頭,-3.21,15.24,弱,15.41,34.54,同波動,2000,31,2.32,-2.28,6.13,63.55,≥55% 偏漲；≤45% 偏跌；其餘不確定,偏漲,755,57.48,58.94,58.94,45.76,0.02,時好時壞,VOL=中|TREND=空頭|MOM=弱|VIXQ=1|SAMPLE=同波動|CALL=偏漲,S0 資料OK → S1 波動:中(第37分位) → S2 趨勢:空頭 → S3 動能:弱(第15分位) → S4 VIX:15.4(第35分位) → S5 同波動樣本 31 段 → S6 偏漲(上漲機率64%),過去美國長天期公債（TLT）波動屬「中」時，63 個交易日（約3個月）後的漲跌中位數 +2.3%，一半的情況落在 −2.3%～+6.1%，上漲機率 64%（約 31 段獨立樣本）。判定偏漲，主要反映長期上漲傾向，不是當下訊號。走步回測（只算起始日前已到期的決策）方向命中 57%（755 次判定，每週決策的 63 日報酬互相重疊，等效約 60 次獨立判定）、永遠猜漲 59%、永遠猜跌 41%，還不如永遠猜漲（差 1 個百分點）；預測區間實際涵蓋 46%（理想約 50%）。長期間的決策互相重疊，區間涵蓋率在個別年份會大幅擺盪（回測逐年可差三成以上），單一批次不一定接近 50%。趨勢空頭、動能弱、VIX 15（第 35 分位）只記錄、不參與預測（2008 年起的走步研究裡它們對漲跌沒有預測力）。
2026-W41-LQD-H63,即時,2026-10-10,v2,中線,63,3個月,美國投資級公司債,LQD,00720B.TWO,2026-10-08,102.47,102.47,2027-01-05,https://finance.yahoo.com/quote/LQD/history,6088,2,通過,6.61,4.62,6.49,68.16,高,104.3583,106.1027,-3.42,空頭,-1.39,15.33,弱,15.41,34.54,同波動,2013,31,1.46,-1.09,4.05,63.88,≥55% 偏漲；≤45% 偏跌；其餘不確定,偏漲,966,64.18,64.18,64.18,49.59,0.12,時好時壞,VOL=高|TREND=空頭|MOM=弱|VIXQ=1|SAMPLE=同波動|CALL=偏漲,S0 資料OK → S1 波動:高(第68分位) → S2 趨勢:空頭 → S3 動能:弱(第15分位) → S4 VIX:15.4(第35分位) → S5 同波動樣本 31 段 → S6 偏漲(上漲機率64%),過去美國投資級公司債（LQD）波動屬「高」時，63 個交易日（約3個月）後的漲跌中位數 +1.5%，一半的情況落在 −1.1%～+4.0%，上漲機率 64%（約 31 段獨立樣本）。判定偏漲，主要反映長期上漲傾向，不是當下訊號。走步回測（只算起始日前已到期的決策）方向命中 64%（966 次判定，每週決策的 63 日報酬互相重疊，等效約 77 次獨立判定）、永遠猜漲 64%、永遠猜跌 36%，和永遠猜漲一樣準，沒有比較準；預測區間實際涵蓋 50%（理想約 50%）。長期間的決策互相重疊，區間涵蓋率在個別年份會大幅擺盪（回測逐年可差三成以上），單一批次不一定接近 50%。趨勢空頭、動能弱、VIX 15（第 35 分位）只記錄、不參與預測（2008 年起的走步研究裡它們對漲跌沒有預測力）。
2026-W41-HYG-H63,即時,2026-10-10,v2,中線,63,3個月,美國高收益債,HYG,00710B.TW,2026-10-08,77.14,77.14,2027-01-05,https://finance.yahoo.com/quote/HYG/history,4906,2,通過,3.91,4.24,7.10,28.39,低,78.3104,77.9011,-0.98,盤整,-1.45,15.90,弱,15.41,34.54,同波動,1556,24,0.99,-0.21,1.96,71.79,≥55% 偏漲；≤45% 偏跌；其餘不確定,偏漲,798,74.69,74.69,74.69,63.66,0.16,時好時壞,VOL=低|TREND=盤整|MOM=弱|VIXQ=1|SAMPLE=同波動|CALL=偏漲,S0 資料OK → S1 波動:低(第28分位) → S2 趨勢:盤整 → S3 動能:弱(第16分位) → S4 VIX:15.4(第35分位) → S5 同波動樣本 24 段 → S6 偏漲(上漲機率72%),過去美國高收益債（HYG）波動屬「低」時，63 個交易日（約3個月）後的漲跌中位數 +1.0%，一半的情況落在 −0.2%～+2.0%，上漲機率 72%（約 24 段獨立樣本）。判定偏漲，主要反映長期上漲傾向，不是當下訊號。走步回測（只算起始日前已到期的決策）方向命中 75%（798 次判定，每週決策的 63 日報酬互相重疊，等效約 63 次獨立判定）、永遠猜漲 75%、永遠猜跌 25%，和永遠猜漲一樣準，沒有比較準；預測區間實際涵蓋 64%（理想約 50%），明顯偏高（這個資產的區間常常太寬，區間資訊量很低）。長期間的決策互相重疊，區間涵蓋率在個別年份會大幅擺盪（回測逐年可差三成以上），單一批次不一定接近 50%。趨勢盤整、動能弱、VIX 15（第 35 分位）只記錄、不參與預測（2008 年起的走步研究裡它們對漲跌沒有預測力）。
2026-W41-GLD-H63,即時,2026-10-10,v2,中線,63,3個月,黃金,GLD,00635U.TW,2026-10-08,378.62,378.62,2027-01-05,https://finance.yahoo.com/quote/GLD/history,5506,2,通過,20.20,12.25,16.80,77.76,高,396.8794,415.7731,-8.94,空頭,-4.48,11.28,弱,15.41,34.54,同波動,1768,28,1.57,-3.76,7.77,58.54,≥55% 偏漲；≤45% 偏跌；其餘不確定,偏漲,915,61.20,61.20,61.20,50.33,-0.21,時好時壞,VOL=高|TREND=空頭|MOM=弱|VIXQ=1|SAMPLE=同波動|CALL=偏漲,S0 資料OK → S1 波動:高(第78分位) → S2 趨勢:空頭 → S3 動能:弱(第11分位) → S4 VIX:15.4(第35分位) → S5 同波動樣本 28 段 → S6 偏漲(上漲機率59%),過去黃金（GLD）波動屬「高」時，63 個交易日（約3個月）後的漲跌中位數 +1.6%，一半的情況落在 −3.8%～+7.8%，上漲機率 59%（約 28 段獨立樣本）。判定偏漲，主要反映長期上漲傾向，不是當下訊號。走步回測（只算起始日前已到期的決策）方向命中 61%（915 次判定，每週決策的 63 日報酬互相重疊，等效約 73 次獨立判定）、永遠猜漲 61%、永遠猜跌 39%，和永遠猜漲一樣準，沒有比較準；預測區間實際涵蓋 50%（理想約 50%）。長期間的決策互相重疊，區間涵蓋率在個別年份會大幅擺盪（回測逐年可差三成以上），單一批次不一定接近 50%。趨勢空頭、動能弱、VIX 15（第 35 分位）只記錄、不參與預測（2008 年起的走步研究裡它們對漲跌沒有預測力）。
2026-W41-TWD=X-H63,即時,2026-10-10,v2,中線,63,3個月,美元／新台幣,TWD=X,美元定存／00865B.TW,2026-10-08,31.8483,31.8483,2027-01-05,https://finance.yahoo.com/quote/TWD=X/history,5435,2,通過,3.17,4.00,6.37,16.47,低,31.8696,31.7316,0.37,多頭,1.22,82.60,強,15.41,34.54,同波動,1727,27,-0.35,-1.64,1.11,42.33,≥55% 偏漲；≤45% 偏跌；其餘不確定,偏跌,551,47.01,52.45,52.45,45.50,-0.25,時好時壞,VOL=低|TREND=多頭|MOM=強|VIXQ=1|SAMPLE=同波動|CALL=偏跌,S0 資料OK → S1 波動:低(第16分位) → S2 趨勢:多頭 → S3 動能:強(第83分位) → S4 VIX:15.4(第35分位) → S5 同波動樣本 27 段 → S6 偏跌(上漲機率42%),過去美元／新台幣（TWD=X）波動屬「低」時，63 個交易日（約3個月）後的漲跌中位數 −0.3%，一半的情況落在 −1.6%～+1.1%，上漲機率 42%（約 27 段獨立樣本）。判定偏跌，只表示這個波動狀態下歷史上跌的次數比漲多，是歷史傾向，不是當下訊號。走步回測（只算起始日前已到期的決策）方向命中 47%（551 次判定，每週決策的 63 日報酬互相重疊，等效約 44 次獨立判定）、永遠猜漲 52%、永遠猜跌 48%，還不如永遠猜漲（差 5 個百分點）；預測區間實際涵蓋 46%（理想約 50%）。長期間的決策互相重疊，區間涵蓋率在個別年份會大幅擺盪（回測逐年可差三成以上），單一批次不一定接近 50%。趨勢多頭、動能強、VIX 15（第 35 分位）只記錄、不參與預測（2008 年起的走步研究裡它們對漲跌沒有預測力）。
2026-W41-UUP-H63,即時,2026-10-10,v2,中線,63,3個月,美元指數,UUP,00682U.TW,2026-10-08,28.98,28.98,2027-01-05,https://finance.yahoo.com/quote/UUP/history,4934,2,通過,4.58,5.65,7.73,12.52,低,28.2986,27.775,4.34,多頭,3.39,94.10,強,15.41,34.54,同波動,1579,25,1.19,-0.48,2.60,68.97,≥55% 偏漲；≤45% 偏跌；其餘不確定,偏漲,483,54.66,66.05,66.05,55.79,-0.04,時好時壞,VOL=低|TREND=多頭|MOM=強|VIXQ=1|SAMPLE=同波動|CALL=偏漲,S0 資料OK → S1 波動:低(第13分位) → S2 趨勢:多頭 → S3 動能:強(第94分位) → S4 VIX:15.4(第35分位) → S5 同波動樣本 25 段 → S6 偏漲(上漲機率69%),過去美元指數（UUP）波動屬「低」時，63 個交易日（約3個月）後的漲跌中位數 +1.2%，一半的情況落在 −0.5%～+2.6%，上漲機率 69%（約 25 段獨立樣本）。判定偏漲，主要反映長期上漲傾向，不是當下訊號。走步回測（只算起始日前已到期的決策）方向命中 55%（483 次判定，每週決策的 63 日報酬互相重疊，等效約 38 次獨立判定）、永遠猜漲 66%、永遠猜跌 34%，還不如永遠猜漲（差 11 個百分點）；預測區間實際涵蓋 56%（理想約 50%）。長期間的決策互相重疊，區間涵蓋率在個別年份會大幅擺盪（回測逐年可差三成以上），單一批次不一定接近 50%。趨勢多頭、動能強、VIX 15（第 35 分位）只記錄、不參與預測（2008 年起的走步研究裡它們對漲跌沒有預測力）。
2026-W41-FXY-H63,即時,2026-10-10,v2,中線,63,3個月,日圓,FXY,無,2026-10-08,58.05,58.05,2027-01-05,https://finance.yahoo.com/quote/FXY/history,4945,2,通過,6.40,6.92,10.02,27.70,低,58.1152,57.9395,0.19,多頭,-2.27,18.13,弱,15.41,34.54,同波動,1622,25,-0.62,-3.28,1.83,42.60,≥55% 偏漲；≤45% 偏跌；其餘不確定,偏跌,266,42.11,42.48,57.52,54.34,,,VOL=低|TREND=多頭|MOM=弱|VIXQ=1|SAMPLE=同波動|CALL=偏跌,S0 資料OK → S1 波動:低(第28分位) → S2 趨勢:多頭 → S3 動能:弱(第18分位) → S4 VIX:15.4(第35分位) → S5 同波動樣本 25 段 → S6 偏跌(上漲機率43%),過去日圓（FXY）波動屬「低」時，63 個交易日（約3個月）後的漲跌中位數 −0.6%，一半的情況落在 −3.3%～+1.8%，上漲機率 43%（約 25 段獨立樣本）。判定偏跌，只表示這個波動狀態下歷史上跌的次數比漲多，是歷史傾向，不是當下訊號。走步回測（只算起始日前已到期的決策）方向命中 42%（266 次判定，每週決策的 63 日報酬互相重疊，等效約 21 次獨立判定）、永遠猜漲 42%、永遠猜跌 58%，還不如永遠猜跌（差 15 個百分點）；預測區間實際涵蓋 54%（理想約 50%）。長期間的決策互相重疊，區間涵蓋率在個別年份會大幅擺盪（回測逐年可差三成以上），單一批次不一定接近 50%。趨勢多頭、動能弱、VIX 15（第 35 分位）只記錄、不參與預測（2008 年起的走步研究裡它們對漲跌沒有預測力）。
2026-W41-0050.TW-H63,即時,2026-10-10,v2,中線,63,3個月,台股（台灣 50）,0050.TW,006208.TW,2026-10-07,116.05,116.05,2027-01-04,https://finance.yahoo.com/quote/0050.TW/history,4347,3,通過,15.07,12.84,17.68,50.29,中,106.843,90.2884,28.53,多頭,5.60,80.59,強,15.08,32.47,同波動,1421,22,4.45,-2.05,9.24,68.12,≥55% 偏漲；≤45% 偏跌；其餘不確定,偏漲,695,72.95,72.95,72.95,46.33,1.10,時好時壞,VOL=中|TREND=多頭|MOM=強|VIXQ=0|SAMPLE=同波動|CALL=偏漲,S0 資料OK → S1 波動:中(第50分位) → S2 趨勢:多頭 → S3 動能:強(第81分位) → S4 VIX:15.1(第32分位) → S5 同波動樣本 22 段 → S6 偏漲(上漲機率68%),過去台股（台灣 50）（0050.TW）波動屬「中」時，63 個交易日（約3個月）後的漲跌中位數 +4.5%，一半的情況落在 −2.0%～+9.2%，上漲機率 68%（約 22 段獨立樣本）。判定偏漲，主要反映長期上漲傾向，不是當下訊號。走步回測（只算起始日前已到期的決策）方向命中 73%（695 次判定，每週決策的 63 日報酬互相重疊，等效約 55 次獨立判定）、永遠猜漲 73%、永遠猜跌 27%，和永遠猜漲一樣準，沒有比較準；預測區間實際涵蓋 46%（理想約 50%）。長期間的決策互相重疊，區間涵蓋率在個別年份會大幅擺盪（回測逐年可差三成以上），單一批次不一定接近 50%。趨勢多頭、動能強、VIX 15（第 32 分位）只記錄、不參與預測（2008 年起的走步研究裡它們對漲跌沒有預測力）。
2026-W41-2330.TW-H63,即時,2026-10-10,v2,中線,63,3個月,台積電,2330.TW,2330.TW,2026-10-08,2550,2550,2027-01-05,https://finance.yahoo.com/quote/2330.TW/history,6654,2,通過,18.45,21.53,29.98,17.20,低,2417.1888,2112.2958,20.72,多頭,3.54,62.72,中,15.41,34.54,同波動,2183,34,5.68,-0.42,12.21,73.75,≥55% 偏漲；≤45% 偏跌；其餘不確定,偏漲,744,72.18,72.18,72.18,46.11,,,VOL=低|TREND=多頭|MOM=中|VIXQ=1|SAMPLE=同波動|CALL=偏漲,S0 資料OK → S1 波動:低(第17分位) → S2 趨勢:多頭 → S3 動能:中(第63分位) → S4 VIX:15.4(第35分位) → S5 同波動樣本 34 段 → S6 偏漲(上漲機率74%),過去台積電（2330.TW）波動屬「低」時，63 個交易日（約3個月）後的漲跌中位數 +5.7%，一半的情況落在 −0.4%～+12.2%，上漲機率 74%（約 34 段獨立樣本）。判定偏漲，主要反映長期上漲傾向，不是當下訊號。走步回測（只算起始日前已到期的決策）方向命中 72%（744 次判定，每週決策的 63 日報酬互相重疊，等效約 59 次獨立判定）、永遠猜漲 72%、永遠猜跌 28%，和永遠猜漲一樣準，沒有比較準；預測區間實際涵蓋 46%（理想約 50%）。長期間的決策互相重疊，區間涵蓋率在個別年份會大幅擺盪（回測逐年可差三成以上），單一批次不一定接近 50%。趨勢多頭、動能中、VIX 15（第 35 分位）只記錄、不參與預測（2008 年起的走步研究裡它們對漲跌沒有預測力）。
2026-W41-SOXX-H63,即時,2026-10-10,v2,中線,63,3個月,美國半導體,SOXX,00891.TW,2026-10-08,563.28,563.28,2027-01-05,https://finance.yahoo.com/quote/SOXX/history,6347,2,通過,37.05,21.33,31.98,79.23,高,536.0495,460.4721,22.33,多頭,8.93,84.67,強,15.41,34.54,同波動,2049,32,8.02,-4.35,18.58,68.03,≥55% 偏漲；≤45% 偏跌；其餘不確定,偏漲,647,68.16,68.16,68.16,44.72,1.25,時好時壞,VOL=高|TREND=多頭|MOM=強|VIXQ=1|SAMPLE=同波動|CALL=偏漲,S0 資料OK → S1 波動:高(第79分位) → S2 趨勢:多頭 → S3 動能:強(第85分位) → S4 VIX:15.4(第35分位) → S5 同波動樣本 32 段 → S6 偏漲(上漲機率68%),過去美國半導體（SOXX）波動屬「高」時，63 個交易日（約3個月）後的漲跌中位數 +8.0%，一半的情況落在 −4.3%～+18.6%，上漲機率 68%（約 32 段獨立樣本）。判定偏漲，主要反映長期上漲傾向，不是當下訊號。走步回測（只算起始日前已到期的決策）方向命中 68%（647 次判定，每週決策的 63 日報酬互相重疊，等效約 51 次獨立判定）、永遠猜漲 68%、永遠猜跌 32%，和永遠猜漲一樣準，沒有比較準；預測區間實際涵蓋 45%（理想約 50%）。長期間的決策互相重疊，區間涵蓋率在個別年份會大幅擺盪（回測逐年可差三成以上），單一批次不一定接近 50%。趨勢多頭、動能強、VIX 15（第 35 分位）只記錄、不參與預測（2008 年起的走步研究裡它們對漲跌沒有預測力）。
2026-W41-SPY-H63,即時,2026-10-10,v2,中線,63,3個月,美股 S&P 500,SPY,00646.TW,2026-10-08,773.93,773.93,2027-01-05,https://finance.yahoo.com/quote/SPY/history,8481,2,通過,9.87,10.40,16.28,29.00,低,765.5093,719.1626,7.62,多頭,2.38,62.24,中,15.41,34.54,同波動,2783,44,3.35,0.02,5.82,75.17,≥55% 偏漲；≤45% 偏跌；其餘不確定,偏漲,966,74.43,74.43,74.43,50.21,0.56,時好時壞,VOL=低|TREND=多頭|MOM=中|VIXQ=1|SAMPLE=同波動|CALL=偏漲,S0 資料OK → S1 波動:低(第29分位) → S2 趨勢:多頭 → S3 動能:中(第62分位) → S4 VIX:15.4(第35分位) → S5 同波動樣本 44 段 → S6 偏漲(上漲機率75%),過去美股 S&P 500（SPY）波動屬「低」時，63 個交易日（約3個月）後的漲跌中位數 +3.4%，一半的情況落在 0.0%～+5.8%，上漲機率 75%（約 44 段獨立樣本）。判定偏漲，主要反映長期上漲傾向，不是當下訊號。走步回測（只算起始日前已到期的決策）方向命中 74%（966 次判定，每週決策的 63 日報酬互相重疊，等效約 77 次獨立判定）、永遠猜漲 74%、永遠猜跌 26%，和永遠猜漲一樣準，沒有比較準；預測區間實際涵蓋 50%（理想約 50%）。長期間的決策互相重疊，區間涵蓋率在個別年份會大幅擺盪（回測逐年可差三成以上），單一批次不一定接近 50%。趨勢多頭、動能中、VIX 15（第 35 分位）只記錄、不參與預測（2008 年起的走步研究裡它們對漲跌沒有預測力）。
2026-W41-QQQ-H63,即時,2026-10-10,v2,中線,63,3個月,那斯達克 100,QQQ,00662.TW,2026-10-08,747.58,747.58,2027-01-05,https://finance.yahoo.com/quote/QQQ/history,6939,2,通過,15.29,14.43,22.78,37.91,中,722.6336,670.2056,11.54,多頭,5.60,80.34,強,15.41,34.54,同波動,2280,36,5.00,-0.34,10.50,73.73,≥55% 偏漲；≤45% 偏跌；其餘不確定,偏漲,927,72.49,73.14,73.14,53.73,1.30,時好時壞,VOL=中|TREND=多頭|MOM=強|VIXQ=1|SAMPLE=同波動|CALL=偏漲,S0 資料OK → S1 波動:中(第38分位) → S2 趨勢:多頭 → S3 動能:強(第80分位) → S4 VIX:15.4(第35分位) → S5 同波動樣本 36 段 → S6 偏漲(上漲機率74%),過去那斯達克 100（QQQ）波動屬「中」時，63 個交易日（約3個月）後的漲跌中位數 +5.0%，一半的情況落在 −0.3%～+10.5%，上漲機率 74%（約 36 段獨立樣本）。判定偏漲，主要反映長期上漲傾向，不是當下訊號。走步回測（只算起始日前已到期的決策）方向命中 72%（927 次判定，每週決策的 63 日報酬互相重疊，等效約 74 次獨立判定）、永遠猜漲 73%、永遠猜跌 27%，還不如永遠猜漲（差 1 個百分點）；預測區間實際涵蓋 54%（理想約 50%）。長期間的決策互相重疊，區間涵蓋率在個別年份會大幅擺盪（回測逐年可差三成以上），單一批次不一定接近 50%。趨勢多頭、動能強、VIX 15（第 35 分位）只記錄、不參與預測（2008 年起的走步研究裡它們對漲跌沒有預測力）。
2026-W41-EWJ-H63,即時,2026-10-10,v2,中線,63,3個月,日股,EWJ,00645.TW,2026-10-08,97.32,97.32,2027-01-05,https://finance.yahoo.com/quote/EWJ/history,7690,2,通過,18.15,14.95,21.15,52.92,中,96.6236,90.4725,7.57,多頭,0.91,53.23,中,15.41,34.54,同波動,2532,40,1.96,-3.98,7.21,58.69,≥55% 偏漲；≤45% 偏跌；其餘不確定,偏漲,376,50.27,65.43,65.43,58.49,0.70,時好時壞,VOL=中|TREND=多頭|MOM=中|VIXQ=1|SAMPLE=同波動|CALL=偏漲,S0 資料OK → S1 波動:中(第53分位) → S2 趨勢:多頭 → S3 動能:中(第53分位) → S4 VIX:15.4(第35分位) → S5 同波動樣本 40 段 → S6 偏漲(上漲機率59%),過去日股（EWJ）波動屬「中」時，63 個交易日（約3個月）後的漲跌中位數 +2.0%，一半的情況落在 −4.0%～+7.2%，上漲機率 59%（約 40 段獨立樣本）。判定偏漲，主要反映長期上漲傾向，不是當下訊號。走步回測（只算起始日前已到期的決策）方向命中 50%（376 次判定，每週決策的 63 日報酬互相重疊，等效約 30 次獨立判定）、永遠猜漲 65%、永遠猜跌 35%，還不如永遠猜漲（差 15 個百分點）；預測區間實際涵蓋 58%（理想約 50%）。長期間的決策互相重疊，區間涵蓋率在個別年份會大幅擺盪（回測逐年可差三成以上），單一批次不一定接近 50%。趨勢多頭、動能中、VIX 15（第 35 分位）只記錄、不參與預測（2008 年起的走步研究裡它們對漲跌沒有預測力）。
2026-W41-EWH-H63,即時,2026-10-10,v2,中線,63,3個月,港股,EWH,無,2026-10-08,21.72,21.72,2027-01-05,https://finance.yahoo.com/quote/EWH/history,7690,2,通過,16.09,15.83,23.13,35.15,中,22.5906,22.5335,-3.61,盤整,-3.34,23.64,弱,15.41,34.54,同波動,2546,40,1.79,-4.72,8.36,56.91,≥55% 偏漲；≤45% 偏跌；其餘不確定,偏漲,759,53.23,53.23,53.23,50.93,0.84,時好時壞,VOL=中|TREND=盤整|MOM=弱|VIXQ=1|SAMPLE=同波動|CALL=偏漲,S0 資料OK → S1 波動:中(第35分位) → S2 趨勢:盤整 → S3 動能:弱(第24分位) → S4 VIX:15.4(第35分位) → S5 同波動樣本 40 段 → S6 偏漲(上漲機率57%),過去港股（EWH）波動屬「中」時，63 個交易日（約3個月）後的漲跌中位數 +1.8%，一半的情況落在 −4.7%～+8.4%，上漲機率 57%（約 40 段獨立樣本）。判定偏漲，主要反映長期上漲傾向，不是當下訊號。走步回測（只算起始日前已到期的決策）方向命中 53%（759 次判定，每週決策的 63 日報酬互相重疊，等效約 60 次獨立判定）、永遠猜漲 53%、永遠猜跌 47%，和永遠猜漲一樣準，沒有比較準；預測區間實際涵蓋 51%（理想約 50%）。長期間的決策互相重疊，區間涵蓋率在個別年份會大幅擺盪（回測逐年可差三成以上），單一批次不一定接近 50%。趨勢盤整、動能弱、VIX 15（第 35 分位）只記錄、不參與預測（2008 年起的走步研究裡它們對漲跌沒有預測力）。
2026-W41-USO-H63,即時,2026-10-10,v2,中線,63,3個月,原油,USO,00642U.TW,2026-10-08,147.58,147.58,2027-01-05,https://finance.yahoo.com/quote/USO/history,5157,2,通過,40.11,23.90,33.79,80.57,高,138.7498,116.7279,26.43,多頭,-6.82,20.67,弱,15.41,34.54,同波動,1651,26,3.60,-8.30,15.46,57.42,≥55% 偏漲；≤45% 偏跌；其餘不確定,偏漲,245,46.53,47.35,52.65,56.65,1.55,時好時壞,VOL=高|TREND=多頭|MOM=弱|VIXQ=1|SAMPLE=同波動|CALL=偏漲,S0 資料OK → S1 波動:高(第81分位) → S2 趨勢:多頭 → S3 動能:弱(第21分位) → S4 VIX:15.4(第35分位) → S5 同波動樣本 26 段 → S6 偏漲(上漲機率57%),過去原油（USO）波動屬「高」時，63 個交易日（約3個月）後的漲跌中位數 +3.6%，一半的情況落在 −8.3%～+15.5%，上漲機率 57%（約 26 段獨立樣本）。判定偏漲，主要反映長期上漲傾向，不是當下訊號。走步回測（只算起始日前已到期的決策）方向命中 47%（245 次判定，每週決策的 63 日報酬互相重疊，等效約 19 次獨立判定）、永遠猜漲 47%、永遠猜跌 53%，還不如永遠猜跌（差 6 個百分點）；預測區間實際涵蓋 57%（理想約 50%）。長期間的決策互相重疊，區間涵蓋率在個別年份會大幅擺盪（回測逐年可差三成以上），單一批次不一定接近 50%。趨勢多頭、動能弱、VIX 15（第 35 分位）只記錄、不參與預測（2008 年起的走步研究裡它們對漲跌沒有預測力）。
2026-W41-UNG-H63,即時,2026-10-10,v2,中線,63,3個月,天然氣,UNG,無,2026-10-08,10.81,10.81,2027-01-05,https://finance.yahoo.com/quote/UNG/history,4901,2,通過,43.26,33.09,48.66,55.50,中,10.3318,11.3267,-4.56,空頭,6.08,76.09,強,15.41,34.54,同波動,1599,25,-5.10,-17.57,4.86,35.58,≥55% 偏漲；≤45% 偏跌；其餘不確定,偏跌,797,62.61,37.14,62.86,48.18,2.20,時好時壞,VOL=中|TREND=空頭|MOM=強|VIXQ=1|SAMPLE=同波動|CALL=偏跌,S0 資料OK → S1 波動:中(第56分位) → S2 趨勢:空頭 → S3 動能:強(第76分位) → S4 VIX:15.4(第35分位) → S5 同波動樣本 25 段 → S6 偏跌(上漲機率36%),過去天然氣（UNG）波動屬「中」時，63 個交易日（約3個月）後的漲跌中位數 −5.1%，一半的情況落在 −17.6%～+4.9%，上漲機率 36%（約 25 段獨立樣本）。判定偏跌，只表示這個波動狀態下歷史上跌的次數比漲多，是歷史傾向，不是當下訊號。走步回測（只算起始日前已到期的決策）方向命中 63%（797 次判定，每週決策的 63 日報酬互相重疊，等效約 63 次獨立判定）、永遠猜漲 37%、永遠猜跌 63%，和永遠猜跌一樣準，沒有比較準；預測區間實際涵蓋 48%（理想約 50%）。長期間的決策互相重疊，區間涵蓋率在個別年份會大幅擺盪（回測逐年可差三成以上），單一批次不一定接近 50%。趨勢空頭、動能強、VIX 15（第 35 分位）只記錄、不參與預測（2008 年起的走步研究裡它們對漲跌沒有預測力）。
2026-W41-CPER-H63,即時,2026-10-10,v2,中線,63,3個月,銅,CPER,無,2026-10-08,39.46,39.46,2027-01-05,https://finance.yahoo.com/quote/CPER/history,3745,2,通過,20.52,17.37,23.43,51.41,中,39.8862,37.5781,5.01,多頭,1.08,54.71,中,15.41,34.54,同波動,1206,19,0.41,-5.82,5.63,51.91,≥55% 偏漲；≤45% 偏跌；其餘不確定,不確定,360,41.39,62.22,62.22,44.70,0.31,時好時壞,VOL=中|TREND=多頭|MOM=中|VIXQ=1|SAMPLE=同波動|CALL=不確定,S0 資料OK → S1 波動:中(第51分位) → S2 趨勢:多頭 → S3 動能:中(第55分位) → S4 VIX:15.4(第35分位) → S5 同波動樣本 19 段 → S6 不確定(上漲機率52%),過去銅（CPER）波動屬「中」時，63 個交易日（約3個月）後的漲跌中位數 +0.4%，一半的情況落在 −5.8%～+5.6%，上漲機率 52%（約 19 段獨立樣本）。上漲機率介於 45%～55% 之間，不做方向判斷。走步回測（只算起始日前已到期的決策）方向命中 41%（360 次判定，每週決策的 63 日報酬互相重疊，等效約 29 次獨立判定）、永遠猜漲 62%、永遠猜跌 38%，還不如永遠猜漲（差 21 個百分點）；預測區間實際涵蓋 45%（理想約 50%）。長期間的決策互相重疊，區間涵蓋率在個別年份會大幅擺盪（回測逐年可差三成以上），單一批次不一定接近 50%。趨勢多頭、動能中、VIX 15（第 35 分位）只記錄、不參與預測（2008 年起的走步研究裡它們對漲跌沒有預測力）。
2026-W41-SLV-H63,即時,2026-10-10,v2,中線,63,3個月,白銀,SLV,無,2026-10-08,53.45,53.45,2027-01-05,https://finance.yahoo.com/quote/SLV/history,5144,2,通過,33.74,21.63,30.12,75.08,高,57.9178,65.812,-18.78,空頭,-7.04,15.61,弱,15.41,34.54,同波動,1647,26,3.19,-7.15,11.97,60.53,≥55% 偏漲；≤45% 偏跌；其餘不確定,偏漲,483,45.34,49.28,50.72,51.36,0.38,時好時壞,VOL=高|TREND=空頭|MOM=弱|VIXQ=1|SAMPLE=同波動|CALL=偏漲,S0 資料OK → S1 波動:高(第75分位) → S2 趨勢:空頭 → S3 動能:弱(第16分位) → S4 VIX:15.4(第35分位) → S5 同波動樣本 26 段 → S6 偏漲(上漲機率61%),過去白銀（SLV）波動屬「高」時，63 個交易日（約3個月）後的漲跌中位數 +3.2%，一半的情況落在 −7.2%～+12.0%，上漲機率 61%（約 26 段獨立樣本）。判定偏漲，主要反映長期上漲傾向，不是當下訊號。走步回測（只算起始日前已到期的決策）方向命中 45%（483 次判定，每週決策的 63 日報酬互相重疊，等效約 38 次獨立判定）、永遠猜漲 49%、永遠猜跌 51%，還不如永遠猜跌（差 5 個百分點）；預測區間實際涵蓋 51%（理想約 50%）。長期間的決策互相重疊，區間涵蓋率在個別年份會大幅擺盪（回測逐年可差三成以上），單一批次不一定接近 50%。趨勢空頭、動能弱、VIX 15（第 35 分位）只記錄、不參與預測（2008 年起的走步研究裡它們對漲跌沒有預測力）。
2026-W41-PPLT-H63,即時,2026-10-10,v2,中線,63,3個月,白金,PPLT,無,2026-10-08,14.82,14.82,2027-01-05,https://finance.yahoo.com/quote/PPLT/history,4213,2,通過,29.53,17.55,24.45,82.92,高,15.9668,17.6443,-16.01,空頭,-8.12,8.61,弱,15.41,34.54,同波動,1335,21,1.11,-5.71,10.99,53.93,≥55% 偏漲；≤45% 偏跌；其餘不確定,不確定,230,38.26,51.30,51.30,44.50,0.35,時好時壞,VOL=高|TREND=空頭|MOM=弱|VIXQ=1|SAMPLE=同波動|CALL=不確定,S0 資料OK → S1 波動:高(第83分位) → S2 趨勢:空頭 → S3 動能:弱(第9分位) → S4 VIX:15.4(第35分位) → S5 同波動樣本 21 段 → S6 不確定(上漲機率54%),過去白金（PPLT）波動屬「高」時，63 個交易日（約3個月）後的漲跌中位數 +1.1%，一半的情況落在 −5.7%～+11.0%，上漲機率 54%（約 21 段獨立樣本）。上漲機率介於 45%～55% 之間，不做方向判斷。走步回測（只算起始日前已到期的決策）方向命中 38%（230 次判定，每週決策的 63 日報酬互相重疊，等效約 18 次獨立判定）、永遠猜漲 51%、永遠猜跌 49%，還不如永遠猜漲（差 13 個百分點）；預測區間實際涵蓋 44%（理想約 50%）。長期間的決策互相重疊，區間涵蓋率在個別年份會大幅擺盪（回測逐年可差三成以上），單一批次不一定接近 50%。趨勢空頭、動能弱、VIX 15（第 35 分位）只記錄、不參與預測（2008 年起的走步研究裡它們對漲跌沒有預測力）。
2026-W41-DBA-H63,即時,2026-10-10,v2,中線,63,3個月,農產品,DBA,無,2026-10-08,28.34,28.34,2027-01-05,https://finance.yahoo.com/quote/DBA/history,4971,2,通過,13.12,10.70,14.44,57.48,中,28.3944,27.1864,4.24,多頭,-3.34,16.54,弱,15.41,34.54,同波動,1604,25,-0.36,-4.21,5.04,48.44,≥55% 偏漲；≤45% 偏跌；其餘不確定,不確定,492,46.75,47.76,52.24,56.47,0.14,時好時壞,VOL=中|TREND=多頭|MOM=弱|VIXQ=1|SAMPLE=同波動|CALL=不確定,S0 資料OK → S1 波動:中(第57分位) → S2 趨勢:多頭 → S3 動能:弱(第17分位) → S4 VIX:15.4(第35分位) → S5 同波動樣本 25 段 → S6 不確定(上漲機率48%),過去農產品（DBA）波動屬「中」時，63 個交易日（約3個月）後的漲跌中位數 −0.4%，一半的情況落在 −4.2%～+5.0%，上漲機率 48%（約 25 段獨立樣本）。上漲機率介於 45%～55% 之間，不做方向判斷。走步回測（只算起始日前已到期的決策）方向命中 47%（492 次判定，每週決策的 63 日報酬互相重疊，等效約 39 次獨立判定）、永遠猜漲 48%、永遠猜跌 52%，還不如永遠猜跌（差 5 個百分點）；預測區間實際涵蓋 56%（理想約 50%）。長期間的決策互相重疊，區間涵蓋率在個別年份會大幅擺盪（回測逐年可差三成以上），單一批次不一定接近 50%。趨勢多頭、動能弱、VIX 15（第 35 分位）只記錄、不參與預測（2008 年起的走步研究裡它們對漲跌沒有預測力）。
2026-W41-MOS-H63,即時,2026-10-10,v2,中線,63,3個月,肥料股,MOS,CF／NTR／1722.TW,2026-10-08,19.73,19.73,2027-01-05,https://finance.yahoo.com/quote/MOS/history,9260,2,通過,32.50,28.91,40.27,44.24,中,23.2716,24.0511,-17.97,空頭,-22.32,1.86,弱,15.41,34.54,同波動,3036,48,-0.16,-11.12,14.59,49.47,≥55% 偏漲；≤45% 偏跌；其餘不確定,不確定,300,45.00,45.00,55.00,52.48,,,VOL=中|TREND=空頭|MOM=弱|VIXQ=1|SAMPLE=同波動|CALL=不確定,S0 資料OK → S1 波動:中(第44分位) → S2 趨勢:空頭 → S3 動能:弱(第2分位) → S4 VIX:15.4(第35分位) → S5 同波動樣本 48 段 → S6 不確定(上漲機率49%),過去肥料股（MOS）波動屬「中」時，63 個交易日（約3個月）後的漲跌中位數 −0.2%，一半的情況落在 −11.1%～+14.6%，上漲機率 49%（約 48 段獨立樣本）。上漲機率介於 45%～55% 之間，不做方向判斷。走步回測（只算起始日前已到期的決策）方向命中 45%（300 次判定，每週決策的 63 日報酬互相重疊，等效約 24 次獨立判定）、永遠猜漲 45%、永遠猜跌 55%，還不如永遠猜跌（差 10 個百分點）；預測區間實際涵蓋 52%（理想約 50%）。長期間的決策互相重疊，區間涵蓋率在個別年份會大幅擺盪（回測逐年可差三成以上），單一批次不一定接近 50%。趨勢空頭、動能弱、VIX 15（第 35 分位）只記錄、不參與預測（2008 年起的走步研究裡它們對漲跌沒有預測力）。
2026-W41-BRK-B-H63,即時,2026-10-10,v2,中線,63,3個月,波克夏,BRK-B,無,2026-10-08,511.05,511.05,2027-01-05,https://finance.yahoo.com/quote/BRK-B/history,7653,2,通過,12.09,12.91,18.65,25.77,低,507.6494,492.8915,3.68,多頭,0.80,50.11,中,15.41,34.54,同波動,2521,40,3.62,-0.04,9.34,74.61,≥55% 偏漲；≤45% 偏跌；其餘不確定,偏漲,778,66.84,66.84,66.84,50.62,-0.22,時好時壞,VOL=低|TREND=多頭|MOM=中|VIXQ=1|SAMPLE=同波動|CALL=偏漲,S0 資料OK → S1 波動:低(第26分位) → S2 趨勢:多頭 → S3 動能:中(第50分位) → S4 VIX:15.4(第35分位) → S5 同波動樣本 40 段 → S6 偏漲(上漲機率75%),過去波克夏（BRK-B）波動屬「低」時，63 個交易日（約3個月）後的漲跌中位數 +3.6%，一半的情況落在 0.0%～+9.3%，上漲機率 75%（約 40 段獨立樣本）。判定偏漲，主要反映長期上漲傾向，不是當下訊號。走步回測（只算起始日前已到期的決策）方向命中 67%（778 次判定，每週決策的 63 日報酬互相重疊，等效約 62 次獨立判定）、永遠猜漲 67%、永遠猜跌 33%，和永遠猜漲一樣準，沒有比較準；預測區間實際涵蓋 51%（理想約 50%）。長期間的決策互相重疊，區間涵蓋率在個別年份會大幅擺盪（回測逐年可差三成以上），單一批次不一定接近 50%。趨勢多頭、動能中、VIX 15（第 35 分位）只記錄、不參與預測（2008 年起的走步研究裡它們對漲跌沒有預測力）。
2026-W41-TLT-H126,即時,2026-10-10,v2,長線,126,6個月,美國長天期公債,TLT,00679B.TWO／00687B.TWO,2026-10-08,77.87,77.87,2027-04-02,https://finance.yahoo.com/quote/TLT/history,6088,2,通過,10.45,10.18,13.88,36.63,中,80.7306,83.5825,-6.83,空頭,-3.21,15.24,弱,15.41,34.54,同波動,1993,15,4.15,-3.16,10.17,64.22,≥55% 偏漲；≤45% 偏跌；其餘不確定,偏漲,953,55.30,55.30,55.30,43.44,-0.21,時好時壞,VOL=中|TREND=空頭|MOM=弱|VIXQ=1|SAMPLE=同波動|CALL=偏漲,S0 資料OK → S1 波動:中(第37分位) → S2 趨勢:空頭 → S3 動能:弱(第15分位) → S4 VIX:15.4(第35分位) → S5 同波動樣本 15 段 → S6 偏漲(上漲機率64%),過去美國長天期公債（TLT）波動屬「中」時，126 個交易日（約6個月）後的漲跌中位數 +4.2%，一半的情況落在 −3.2%～+10.2%，上漲機率 64%（約 15 段獨立樣本）。判定偏漲，主要反映長期上漲傾向，不是當下訊號。走步回測（只算起始日前已到期的決策）方向命中 55%（953 次判定，每週決策的 126 日報酬互相重疊，等效約 38 次獨立判定）、永遠猜漲 55%、永遠猜跌 45%，和永遠猜漲一樣準，沒有比較準；預測區間實際涵蓋 43%（理想約 50%）。長期間的決策互相重疊，區間涵蓋率在個別年份會大幅擺盪（回測逐年可差三成以上），單一批次不一定接近 50%。趨勢空頭、動能弱、VIX 15（第 35 分位）只記錄、不參與預測（2008 年起的走步研究裡它們對漲跌沒有預測力）。
2026-W41-LQD-H126,即時,2026-10-10,v2,長線,126,6個月,美國投資級公司債,LQD,00720B.TWO,2026-10-08,102.47,102.47,2027-04-02,https://finance.yahoo.com/quote/LQD/history,6088,2,通過,6.61,4.62,6.49,68.16,高,104.3583,106.1027,-3.42,空頭,-1.39,15.33,弱,15.41,34.54,同波動,2007,15,3.18,-0.52,6.21,71.05,≥55% 偏漲；≤45% 偏跌；其餘不確定,偏漲,953,69.46,69.46,69.46,47.32,0.02,時好時壞,VOL=高|TREND=空頭|MOM=弱|VIXQ=1|SAMPLE=同波動|CALL=偏漲,S0 資料OK → S1 波動:高(第68分位) → S2 趨勢:空頭 → S3 動能:弱(第15分位) → S4 VIX:15.4(第35分位) → S5 同波動樣本 15 段 → S6 偏漲(上漲機率71%),過去美國投資級公司債（LQD）波動屬「高」時，126 個交易日（約6個月）後的漲跌中位數 +3.2%，一半的情況落在 −0.5%～+6.2%，上漲機率 71%（約 15 段獨立樣本）。判定偏漲，主要反映長期上漲傾向，不是當下訊號。走步回測（只算起始日前已到期的決策）方向命中 69%（953 次判定，每週決策的 126 日報酬互相重疊，等效約 38 次獨立判定）、永遠猜漲 69%、永遠猜跌 31%，和永遠猜漲一樣準，沒有比較準；預測區間實際涵蓋 47%（理想約 50%）。長期間的決策互相重疊，區間涵蓋率在個別年份會大幅擺盪（回測逐年可差三成以上），單一批次不一定接近 50%。趨勢空頭、動能弱、VIX 15（第 35 分位）只記錄、不參與預測（2008 年起的走步研究裡它們對漲跌沒有預測力）。
2026-W41-HYG-H126,即時,2026-10-10,v2,長線,126,6個月,美國高收益債,HYG,00710B.TW,2026-10-08,77.14,77.14,2027-04-02,https://finance.yahoo.com/quote/HYG/history,4906,2,通過,3.91,4.24,7.10,28.39,低,78.3104,77.9011,-0.98,盤整,-1.45,15.90,弱,15.41,34.54,全部歷史,4780,37,3.13,0.23,5.66,76.63,≥55% 偏漲；≤45% 偏跌；其餘不確定,偏漲,785,78.85,78.85,78.85,65.61,0.18,時好時壞,VOL=低|TREND=盤整|MOM=弱|VIXQ=1|SAMPLE=全部歷史|CALL=偏漲,S0 資料OK → S1 波動:低(第28分位) → S2 趨勢:盤整 → S3 動能:弱(第16分位) → S4 VIX:15.4(第35分位) → S5 同波動樣本僅 12 段，樣本不足，改用全部歷史 37 段 → S6 偏漲(上漲機率77%),過去美國高收益債（HYG）波動屬「低」的樣本只有約 12 段獨立樣本，不足 15 段，改看全部歷史：126 個交易日（約6個月）後的漲跌中位數 +3.1%，一半的情況落在 +0.2%～+5.7%，上漲機率 77%（約 37 段獨立樣本）。判定偏漲，主要反映長期上漲傾向，不是當下訊號。走步回測（只算起始日前已到期的決策）方向命中 79%（785 次判定，每週決策的 126 日報酬互相重疊，等效約 31 次獨立判定）、永遠猜漲 79%、永遠猜跌 21%，和永遠猜漲一樣準，沒有比較準；預測區間實際涵蓋 66%（理想約 50%），明顯偏高（這個資產的區間常常太寬，區間資訊量很低）。長期間的決策互相重疊，區間涵蓋率在個別年份會大幅擺盪（回測逐年可差三成以上），單一批次不一定接近 50%。趨勢盤整、動能弱、VIX 15（第 35 分位）只記錄、不參與預測（2008 年起的走步研究裡它們對漲跌沒有預測力）。
2026-W41-GLD-H126,即時,2026-10-10,v2,長線,126,6個月,黃金,GLD,00635U.TW,2026-10-08,378.62,378.62,2027-04-02,https://finance.yahoo.com/quote/GLD/history,5506,2,通過,20.20,12.25,16.80,77.76,高,396.8794,415.7731,-8.94,空頭,-4.48,11.28,弱,15.41,34.54,全部歷史,5380,42,5.52,-2.83,13.87,68.05,≥55% 偏漲；≤45% 偏跌；其餘不確定,偏漲,909,65.90,65.90,65.90,48.29,-0.43,時好時壞,VOL=高|TREND=空頭|MOM=弱|VIXQ=1|SAMPLE=全部歷史|CALL=偏漲,S0 資料OK → S1 波動:高(第78分位) → S2 趨勢:空頭 → S3 動能:弱(第11分位) → S4 VIX:15.4(第35分位) → S5 同波動樣本僅 13 段，樣本不足，改用全部歷史 42 段 → S6 偏漲(上漲機率68%),過去黃金（GLD）波動屬「高」的樣本只有約 13 段獨立樣本，不足 15 段，改看全部歷史：126 個交易日（約6個月）後的漲跌中位數 +5.5%，一半的情況落在 −2.8%～+13.9%，上漲機率 68%（約 42 段獨立樣本）。判定偏漲，主要反映長期上漲傾向，不是當下訊號。走步回測（只算起始日前已到期的決策）方向命中 66%（909 次判定，每週決策的 126 日報酬互相重疊，等效約 36 次獨立判定）、永遠猜漲 66%、永遠猜跌 34%，和永遠猜漲一樣準，沒有比較準；預測區間實際涵蓋 48%（理想約 50%）。長期間的決策互相重疊，區間涵蓋率在個別年份會大幅擺盪（回測逐年可差三成以上），單一批次不一定接近 50%。趨勢空頭、動能弱、VIX 15（第 35 分位）只記錄、不參與預測（2008 年起的走步研究裡它們對漲跌沒有預測力）。
2026-W41-TWD=X-H126,即時,2026-10-10,v2,長線,126,6個月,美元／新台幣,TWD=X,美元定存／00865B.TW,2026-10-08,31.8483,31.8483,2027-04-02,https://finance.yahoo.com/quote/TWD=X/history,5435,2,通過,3.17,4.00,6.37,16.47,低,31.8696,31.7316,0.37,多頭,1.22,82.60,強,15.41,34.54,全部歷史,5309,42,-0.20,-2.33,2.12,46.98,≥55% 偏漲；≤45% 偏跌；其餘不確定,不確定,687,47.16,52.40,52.40,44.44,-0.12,時好時壞,VOL=低|TREND=多頭|MOM=強|VIXQ=1|SAMPLE=全部歷史|CALL=不確定,S0 資料OK → S1 波動:低(第16分位) → S2 趨勢:多頭 → S3 動能:強(第83分位) → S4 VIX:15.4(第35分位) → S5 同波動樣本僅 13 段，樣本不足，改用全部歷史 42 段 → S6 不確定(上漲機率47%),過去美元／新台幣（TWD=X）波動屬「低」的樣本只有約 13 段獨立樣本，不足 15 段，改看全部歷史：126 個交易日（約6個月）後的漲跌中位數 −0.2%，一半的情況落在 −2.3%～+2.1%，上漲機率 47%（約 42 段獨立樣本）。上漲機率介於 45%～55% 之間，不做方向判斷。走步回測（只算起始日前已到期的決策）方向命中 47%（687 次判定，每週決策的 126 日報酬互相重疊，等效約 27 次獨立判定）、永遠猜漲 52%、永遠猜跌 48%，還不如永遠猜漲（差 5 個百分點）；預測區間實際涵蓋 44%（理想約 50%）。長期間的決策互相重疊，區間涵蓋率在個別年份會大幅擺盪（回測逐年可差三成以上），單一批次不一定接近 50%。趨勢多頭、動能強、VIX 15（第 35 分位）只記錄、不參與預測（2008 年起的走步研究裡它們對漲跌沒有預測力）。
2026-W41-UUP-H126,即時,2026-10-10,v2,長線,126,6個月,美元指數,UUP,00682U.TW,2026-10-08,28.98,28.98,2027-04-02,https://finance.yahoo.com/quote/UUP/history,4934,2,通過,4.58,5.65,7.73,12.52,低,28.2986,27.775,4.34,多頭,3.39,94.10,強,15.41,34.54,全部歷史,4808,38,1.43,-3.18,4.16,58.47,≥55% 偏漲；≤45% 偏跌；其餘不確定,偏漲,342,48.25,67.54,67.54,59.24,-0.05,時好時壞,VOL=低|TREND=多頭|MOM=強|VIXQ=1|SAMPLE=全部歷史|CALL=偏漲,S0 資料OK → S1 波動:低(第13分位) → S2 趨勢:多頭 → S3 動能:強(第94分位) → S4 VIX:15.4(第35分位) → S5 同波動樣本僅 12 段，樣本不足，改用全部歷史 38 段 → S6 偏漲(上漲機率58%),過去美元指數（UUP）波動屬「低」的樣本只有約 12 段獨立樣本，不足 15 段，改看全部歷史：126 個交易日（約6個月）後的漲跌中位數 +1.4%，一半的情況落在 −3.2%～+4.2%，上漲機率 58%（約 38 段獨立樣本）。判定偏漲，主要反映長期上漲傾向，不是當下訊號。走步回測（只算起始日前已到期的決策）方向命中 48%（342 次判定，每週決策的 126 日報酬互相重疊，等效約 14 次獨立判定）、永遠猜漲 68%、永遠猜跌 32%，還不如永遠猜漲（差 19 個百分點）；預測區間實際涵蓋 59%（理想約 50%）。長期間的決策互相重疊，區間涵蓋率在個別年份會大幅擺盪（回測逐年可差三成以上），單一批次不一定接近 50%。趨勢多頭、動能強、VIX 15（第 35 分位）只記錄、不參與預測（2008 年起的走步研究裡它們對漲跌沒有預測力）。
2026-W41-FXY-H126,即時,2026-10-10,v2,長線,126,6個月,日圓,FXY,無,2026-10-08,58.05,58.05,2027-04-02,https://finance.yahoo.com/quote/FXY/history,4945,2,通過,6.40,6.92,10.02,27.70,低,58.1152,57.9395,0.19,多頭,-2.27,18.13,弱,15.41,34.54,全部歷史,4819,38,-0.49,-4.86,3.51,47.48,≥55% 偏漲；≤45% 偏跌；其餘不確定,不確定,262,22.14,22.14,77.86,50.82,,,VOL=低|TREND=多頭|MOM=弱|VIXQ=1|SAMPLE=全部歷史|CALL=不確定,S0 資料OK → S1 波動:低(第28分位) → S2 趨勢:多頭 → S3 動能:弱(第18分位) → S4 VIX:15.4(第35分位) → S5 同波動樣本僅 12 段，樣本不足，改用全部歷史 38 段 → S6 不確定(上漲機率47%),過去日圓（FXY）波動屬「低」的樣本只有約 12 段獨立樣本，不足 15 段，改看全部歷史：126 個交易日（約6個月）後的漲跌中位數 −0.5%，一半的情況落在 −4.9%～+3.5%，上漲機率 47%（約 38 段獨立樣本）。上漲機率介於 45%～55% 之間，不做方向判斷。走步回測（只算起始日前已到期的決策）方向命中 22%（262 次判定，每週決策的 126 日報酬互相重疊，等效約 10 次獨立判定）、永遠猜漲 22%、永遠猜跌 78%，還不如永遠猜跌（差 56 個百分點）；預測區間實際涵蓋 51%（理想約 50%）。長期間的決策互相重疊，區間涵蓋率在個別年份會大幅擺盪（回測逐年可差三成以上），單一批次不一定接近 50%。趨勢多頭、動能弱、VIX 15（第 35 分位）只記錄、不參與預測（2008 年起的走步研究裡它們對漲跌沒有預測力）。
2026-W41-0050.TW-H126,即時,2026-10-10,v2,長線,126,6個月,台股（台灣 50）,0050.TW,006208.TW,2026-10-07,116.05,116.05,2027-04-01,https://finance.yahoo.com/quote/0050.TW/history,4347,3,通過,15.07,12.84,17.68,50.29,中,106.843,90.2884,28.53,多頭,5.60,80.59,強,15.08,32.47,全部歷史,4221,33,6.39,-0.92,16.24,72.59,≥55% 偏漲；≤45% 偏跌；其餘不確定,偏漲,682,74.19,74.19,74.19,37.54,1.61,時好時壞,VOL=中|TREND=多頭|MOM=強|VIXQ=0|SAMPLE=全部歷史|CALL=偏漲,S0 資料OK → S1 波動:中(第50分位) → S2 趨勢:多頭 → S3 動能:強(第81分位) → S4 VIX:15.1(第32分位) → S5 同波動樣本僅 11 段，樣本不足，改用全部歷史 33 段 → S6 偏漲(上漲機率73%),過去台股（台灣 50）（0050.TW）波動屬「中」的樣本只有約 11 段獨立樣本，不足 15 段，改看全部歷史：126 個交易日（約6個月）後的漲跌中位數 +6.4%，一半的情況落在 −0.9%～+16.2%，上漲機率 73%（約 33 段獨立樣本）。判定偏漲，主要反映長期上漲傾向，不是當下訊號。走步回測（只算起始日前已到期的決策）方向命中 74%（682 次判定，每週決策的 126 日報酬互相重疊，等效約 27 次獨立判定）、永遠猜漲 74%、永遠猜跌 26%，和永遠猜漲一樣準，沒有比較準；預測區間實際涵蓋 38%（理想約 50%），明顯偏低（這個資產的區間常常太窄，實際跑出區間的次數比預期多，區間不可信）。長期間的決策互相重疊，區間涵蓋率在個別年份會大幅擺盪（回測逐年可差三成以上），單一批次不一定接近 50%。趨勢多頭、動能強、VIX 15（第 32 分位）只記錄、不參與預測（2008 年起的走步研究裡它們對漲跌沒有預測力）。
2026-W41-2330.TW-H126,即時,2026-10-10,v2,長線,126,6個月,台積電,2330.TW,2330.TW,2026-10-08,2550,2550,2027-04-02,https://finance.yahoo.com/quote/2330.TW/history,6654,2,通過,18.45,21.53,29.98,17.20,低,2417.1888,2112.2958,20.72,多頭,3.54,62.72,中,15.41,34.54,同波動,2183,17,10.40,1.78,19.37,79.62,≥55% 偏漲；≤45% 偏跌；其餘不確定,偏漲,830,82.17,82.17,82.17,50.80,,,VOL=低|TREND=多頭|MOM=中|VIXQ=1|SAMPLE=同波動|CALL=偏漲,S0 資料OK → S1 波動:低(第17分位) → S2 趨勢:多頭 → S3 動能:中(第63分位) → S4 VIX:15.4(第35分位) → S5 同波動樣本 17 段 → S6 偏漲(上漲機率80%),過去台積電（2330.TW）波動屬「低」時，126 個交易日（約6個月）後的漲跌中位數 +10.4%，一半的情況落在 +1.8%～+19.4%，上漲機率 80%（約 17 段獨立樣本）。判定偏漲，主要反映長期上漲傾向，不是當下訊號。走步回測（只算起始日前已到期的決策）方向命中 82%（830 次判定，每週決策的 126 日報酬互相重疊，等效約 33 次獨立判定）、永遠猜漲 82%、永遠猜跌 18%，和永遠猜漲一樣準，沒有比較準；預測區間實際涵蓋 51%（理想約 50%）。長期間的決策互相重疊，區間涵蓋率在個別年份會大幅擺盪（回測逐年可差三成以上），單一批次不一定接近 50%。趨勢多頭、動能中、VIX 15（第 35 分位）只記錄、不參與預測（2008 年起的走步研究裡它們對漲跌沒有預測力）。
2026-W41-SOXX-H126,即時,2026-10-10,v2,長線,126,6個月,美國半導體,SOXX,00891.TW,2026-10-08,563.28,563.28,2027-04-02,https://finance.yahoo.com/quote/SOXX/history,6347,2,通過,37.05,21.33,31.98,79.23,高,536.0495,460.4721,22.33,多頭,8.93,84.67,強,15.41,34.54,同波動,1990,15,14.71,-3.78,34.96,70.60,≥55% 偏漲；≤45% 偏跌；其餘不確定,偏漲,654,78.29,78.29,78.29,46.48,2.10,時好時壞,VOL=高|TREND=多頭|MOM=強|VIXQ=1|SAMPLE=同波動|CALL=偏漲,S0 資料OK → S1 波動:高(第79分位) → S2 趨勢:多頭 → S3 動能:強(第85分位) → S4 VIX:15.4(第35分位) → S5 同波動樣本 15 段 → S6 偏漲(上漲機率71%),過去美國半導體（SOXX）波動屬「高」時，126 個交易日（約6個月）後的漲跌中位數 +14.7%，一半的情況落在 −3.8%～+35.0%，上漲機率 71%（約 15 段獨立樣本）。判定偏漲，主要反映長期上漲傾向，不是當下訊號。走步回測（只算起始日前已到期的決策）方向命中 78%（654 次判定，每週決策的 126 日報酬互相重疊，等效約 26 次獨立判定）、永遠猜漲 78%、永遠猜跌 22%，和永遠猜漲一樣準，沒有比較準；預測區間實際涵蓋 46%（理想約 50%）。長期間的決策互相重疊，區間涵蓋率在個別年份會大幅擺盪（回測逐年可差三成以上），單一批次不一定接近 50%。趨勢多頭、動能強、VIX 15（第 35 分位）只記錄、不參與預測（2008 年起的走步研究裡它們對漲跌沒有預測力）。
2026-W41-SPY-H126,即時,2026-10-10,v2,長線,126,6個月,美股 S&P 500,SPY,00646.TW,2026-10-08,773.93,773.93,2027-04-02,https://finance.yahoo.com/quote/SPY/history,8481,2,通過,9.87,10.40,16.28,29.00,低,765.5093,719.1626,7.62,多頭,2.38,62.24,中,15.41,34.54,同波動,2766,21,6.44,1.74,10.03,80.01,≥55% 偏漲；≤45% 偏跌；其餘不確定,偏漲,953,78.70,78.70,78.70,50.47,0.74,時好時壞,VOL=低|TREND=多頭|MOM=中|VIXQ=1|SAMPLE=同波動|CALL=偏漲,S0 資料OK → S1 波動:低(第29分位) → S2 趨勢:多頭 → S3 動能:中(第62分位) → S4 VIX:15.4(第35分位) → S5 同波動樣本 21 段 → S6 偏漲(上漲機率80%),過去美股 S&P 500（SPY）波動屬「低」時，126 個交易日（約6個月）後的漲跌中位數 +6.4%，一半的情況落在 +1.7%～+10.0%，上漲機率 80%（約 21 段獨立樣本）。判定偏漲，主要反映長期上漲傾向，不是當下訊號。走步回測（只算起始日前已到期的決策）方向命中 79%（953 次判定，每週決策的 126 日報酬互相重疊，等效約 38 次獨立判定）、永遠猜漲 79%、永遠猜跌 21%，和永遠猜漲一樣準，沒有比較準；預測區間實際涵蓋 50%（理想約 50%）。長期間的決策互相重疊，區間涵蓋率在個別年份會大幅擺盪（回測逐年可差三成以上），單一批次不一定接近 50%。趨勢多頭、動能中、VIX 15（第 35 分位）只記錄、不參與預測（2008 年起的走步研究裡它們對漲跌沒有預測力）。
2026-W41-QQQ-H126,即時,2026-10-10,v2,長線,126,6個月,那斯達克 100,QQQ,00662.TW,2026-10-08,747.58,747.58,2027-04-02,https://finance.yahoo.com/quote/QQQ/history,6939,2,通過,15.29,14.43,22.78,37.91,中,722.6336,670.2056,11.54,多頭,5.60,80.34,強,15.41,34.54,同波動,2248,17,9.22,1.99,15.76,78.96,≥55% 偏漲；≤45% 偏跌；其餘不確定,偏漲,927,81.01,81.01,81.01,53.10,1.31,時好時壞,VOL=中|TREND=多頭|MOM=強|VIXQ=1|SAMPLE=同波動|CALL=偏漲,S0 資料OK → S1 波動:中(第38分位) → S2 趨勢:多頭 → S3 動能:強(第80分位) → S4 VIX:15.4(第35分位) → S5 同波動樣本 17 段 → S6 偏漲(上漲機率79%),過去那斯達克 100（QQQ）波動屬「中」時，126 個交易日（約6個月）後的漲跌中位數 +9.2%，一半的情況落在 +2.0%～+15.8%，上漲機率 79%（約 17 段獨立樣本）。判定偏漲，主要反映長期上漲傾向，不是當下訊號。走步回測（只算起始日前已到期的決策）方向命中 81%（927 次判定，每週決策的 126 日報酬互相重疊，等效約 37 次獨立判定）、永遠猜漲 81%、永遠猜跌 19%，和永遠猜漲一樣準，沒有比較準；預測區間實際涵蓋 53%（理想約 50%）。長期間的決策互相重疊，區間涵蓋率在個別年份會大幅擺盪（回測逐年可差三成以上），單一批次不一定接近 50%。趨勢多頭、動能強、VIX 15（第 35 分位）只記錄、不參與預測（2008 年起的走步研究裡它們對漲跌沒有預測力）。
2026-W41-EWJ-H126,即時,2026-10-10,v2,長線,126,6個月,日股,EWJ,00645.TW,2026-10-08,97.32,97.32,2027-04-02,https://finance.yahoo.com/quote/EWJ/history,7690,2,通過,18.15,14.95,21.15,52.92,中,96.6236,90.4725,7.57,多頭,0.91,53.23,中,15.41,34.54,同波動,2509,19,3.21,-5.44,11.84,59.74,≥55% 偏漲；≤45% 偏跌；其餘不確定,偏漲,102,68.63,75.49,75.49,59.71,0.83,時好時壞,VOL=中|TREND=多頭|MOM=中|VIXQ=1|SAMPLE=同波動|CALL=偏漲,S0 資料OK → S1 波動:中(第53分位) → S2 趨勢:多頭 → S3 動能:中(第53分位) → S4 VIX:15.4(第35分位) → S5 同波動樣本 19 段 → S6 偏漲(上漲機率60%),過去日股（EWJ）波動屬「中」時，126 個交易日（約6個月）後的漲跌中位數 +3.2%，一半的情況落在 −5.4%～+11.8%，上漲機率 60%（約 19 段獨立樣本）。判定偏漲，主要反映長期上漲傾向，不是當下訊號。走步回測（只算起始日前已到期的決策）方向命中 69%（102 次判定，每週決策的 126 日報酬互相重疊，等效約 4 次獨立判定）、永遠猜漲 75%、永遠猜跌 25%，還不如永遠猜漲（差 7 個百分點）；預測區間實際涵蓋 60%（理想約 50%）。長期間的決策互相重疊，區間涵蓋率在個別年份會大幅擺盪（回測逐年可差三成以上），單一批次不一定接近 50%。趨勢多頭、動能中、VIX 15（第 35 分位）只記錄、不參與預測（2008 年起的走步研究裡它們對漲跌沒有預測力）。
2026-W41-EWH-H126,即時,2026-10-10,v2,長線,126,6個月,港股,EWH,無,2026-10-08,21.72,21.72,2027-04-02,https://finance.yahoo.com/quote/EWH/history,7690,2,通過,16.09,15.83,23.13,35.15,中,22.5906,22.5335,-3.61,盤整,-3.34,23.64,弱,15.41,34.54,同波動,2494,19,5.45,-5.22,14.86,62.11,≥55% 偏漲；≤45% 偏跌；其餘不確定,偏漲,900,57.44,57.44,57.44,53.52,1.25,時好時壞,VOL=中|TREND=盤整|MOM=弱|VIXQ=1|SAMPLE=同波動|CALL=偏漲,S0 資料OK → S1 波動:中(第35分位) → S2 趨勢:盤整 → S3 動能:弱(第24分位) → S4 VIX:15.4(第35分位) → S5 同波動樣本 19 段 → S6 偏漲(上漲機率62%),過去港股（EWH）波動屬「中」時，126 個交易日（約6個月）後的漲跌中位數 +5.5%，一半的情況落在 −5.2%～+14.9%，上漲機率 62%（約 19 段獨立樣本）。判定偏漲，主要反映長期上漲傾向，不是當下訊號。走步回測（只算起始日前已到期的決策）方向命中 57%（900 次判定，每週決策的 126 日報酬互相重疊，等效約 36 次獨立判定）、永遠猜漲 57%、永遠猜跌 43%，和永遠猜漲一樣準，沒有比較準；預測區間實際涵蓋 54%（理想約 50%）。長期間的決策互相重疊，區間涵蓋率在個別年份會大幅擺盪（回測逐年可差三成以上），單一批次不一定接近 50%。趨勢盤整、動能弱、VIX 15（第 35 分位）只記錄、不參與預測（2008 年起的走步研究裡它們對漲跌沒有預測力）。
2026-W41-USO-H126,即時,2026-10-10,v2,長線,126,6個月,原油,USO,00642U.TW,2026-10-08,147.58,147.58,2027-04-02,https://finance.yahoo.com/quote/USO/history,5157,2,通過,40.11,23.90,33.79,80.57,高,138.7498,116.7279,26.43,多頭,-6.82,20.67,弱,15.41,34.54,全部歷史,5031,39,0.87,-12.60,16.32,51.60,≥55% 偏漲；≤45% 偏跌；其餘不確定,不確定,66,21.21,74.24,74.24,60.05,1.83,時好時壞,VOL=高|TREND=多頭|MOM=弱|VIXQ=1|SAMPLE=全部歷史|CALL=不確定,S0 資料OK → S1 波動:高(第81分位) → S2 趨勢:多頭 → S3 動能:弱(第21分位) → S4 VIX:15.4(第35分位) → S5 同波動樣本僅 12 段，樣本不足，改用全部歷史 39 段 → S6 不確定(上漲機率52%),過去原油（USO）波動屬「高」的樣本只有約 12 段獨立樣本，不足 15 段，改看全部歷史：126 個交易日（約6個月）後的漲跌中位數 +0.9%，一半的情況落在 −12.6%～+16.3%，上漲機率 52%（約 39 段獨立樣本）。上漲機率介於 45%～55% 之間，不做方向判斷。走步回測（只算起始日前已到期的決策）方向命中 21%（66 次判定，每週決策的 126 日報酬互相重疊，等效約 3 次獨立判定）、永遠猜漲 74%、永遠猜跌 26%，還不如永遠猜漲（差 53 個百分點）；預測區間實際涵蓋 60%（理想約 50%），明顯偏高（這個資產的區間常常太寬，區間資訊量很低）。長期間的決策互相重疊，區間涵蓋率在個別年份會大幅擺盪（回測逐年可差三成以上），單一批次不一定接近 50%。趨勢多頭、動能弱、VIX 15（第 35 分位）只記錄、不參與預測（2008 年起的走步研究裡它們對漲跌沒有預測力）。
2026-W41-UNG-H126,即時,2026-10-10,v2,長線,126,6個月,天然氣,UNG,無,2026-10-08,10.81,10.81,2027-04-02,https://finance.yahoo.com/quote/UNG/history,4901,2,通過,43.26,33.09,48.66,55.50,中,10.3318,11.3267,-4.56,空頭,6.08,76.09,強,15.41,34.54,全部歷史,4775,37,-14.16,-29.29,2.14,27.35,≥55% 偏漲；≤45% 偏跌；其餘不確定,偏跌,784,69.01,30.99,69.01,46.17,2.08,時好時壞,VOL=中|TREND=空頭|MOM=強|VIXQ=1|SAMPLE=全部歷史|CALL=偏跌,S0 資料OK → S1 波動:中(第56分位) → S2 趨勢:空頭 → S3 動能:強(第76分位) → S4 VIX:15.4(第35分位) → S5 同波動樣本僅 12 段，樣本不足，改用全部歷史 37 段 → S6 偏跌(上漲機率27%),過去天然氣（UNG）波動屬「中」的樣本只有約 12 段獨立樣本，不足 15 段，改看全部歷史：126 個交易日（約6個月）後的漲跌中位數 −14.2%，一半的情況落在 −29.3%～+2.1%，上漲機率 27%（約 37 段獨立樣本）。判定偏跌，只表示這個波動狀態下歷史上跌的次數比漲多，是歷史傾向，不是當下訊號。走步回測（只算起始日前已到期的決策）方向命中 69%（784 次判定，每週決策的 126 日報酬互相重疊，等效約 31 次獨立判定）、永遠猜漲 31%、永遠猜跌 69%，和永遠猜跌一樣準，沒有比較準；預測區間實際涵蓋 46%（理想約 50%）。長期間的決策互相重疊，區間涵蓋率在個別年份會大幅擺盪（回測逐年可差三成以上），單一批次不一定接近 50%。趨勢空頭、動能強、VIX 15（第 35 分位）只記錄、不參與預測（2008 年起的走步研究裡它們對漲跌沒有預測力）。
2026-W41-CPER-H126,即時,2026-10-10,v2,長線,126,6個月,銅,CPER,無,2026-10-08,39.46,39.46,2027-04-02,https://finance.yahoo.com/quote/CPER/history,3745,2,通過,20.52,17.37,23.43,51.41,中,39.8862,37.5781,5.01,多頭,1.08,54.71,中,15.41,34.54,全部歷史,3619,28,0.45,-7.56,10.67,51.37,≥55% 偏漲；≤45% 偏跌；其餘不確定,不確定,432,38.43,61.57,61.57,38.79,0.29,時好時壞,VOL=中|TREND=多頭|MOM=中|VIXQ=1|SAMPLE=全部歷史|CALL=不確定,S0 資料OK → S1 波動:中(第51分位) → S2 趨勢:多頭 → S3 動能:中(第55分位) → S4 VIX:15.4(第35分位) → S5 同波動樣本僅 9 段，樣本不足，改用全部歷史 28 段 → S6 不確定(上漲機率51%),過去銅（CPER）波動屬「中」的樣本只有約 9 段獨立樣本，不足 15 段，改看全部歷史：126 個交易日（約6個月）後的漲跌中位數 +0.5%，一半的情況落在 −7.6%～+10.7%，上漲機率 51%（約 28 段獨立樣本）。上漲機率介於 45%～55% 之間，不做方向判斷。走步回測（只算起始日前已到期的決策）方向命中 38%（432 次判定，每週決策的 126 日報酬互相重疊，等效約 17 次獨立判定）、永遠猜漲 62%、永遠猜跌 38%，還不如永遠猜漲（差 23 個百分點）；預測區間實際涵蓋 39%（理想約 50%），明顯偏低（這個資產的區間常常太窄，實際跑出區間的次數比預期多，區間不可信）。長期間的決策互相重疊，區間涵蓋率在個別年份會大幅擺盪（回測逐年可差三成以上），單一批次不一定接近 50%。趨勢多頭、動能中、VIX 15（第 35 分位）只記錄、不參與預測（2008 年起的走步研究裡它們對漲跌沒有預測力）。
2026-W41-SLV-H126,即時,2026-10-10,v2,長線,126,6個月,白銀,SLV,無,2026-10-08,53.45,53.45,2027-04-02,https://finance.yahoo.com/quote/SLV/history,5144,2,通過,33.74,21.63,30.12,75.08,高,57.9178,65.812,-18.78,空頭,-7.04,15.61,弱,15.41,34.54,全部歷史,5018,39,2.45,-9.28,17.60,55.56,≥55% 偏漲；≤45% 偏跌；其餘不確定,偏漲,271,35.42,35.42,64.58,50.72,-0.05,時好時壞,VOL=高|TREND=空頭|MOM=弱|VIXQ=1|SAMPLE=全部歷史|CALL=偏漲,S0 資料OK → S1 波動:高(第75分位) → S2 趨勢:空頭 → S3 動能:弱(第16分位) → S4 VIX:15.4(第35分位) → S5 同波動樣本僅 12 段，樣本不足，改用全部歷史 39 段 → S6 偏漲(上漲機率56%),過去白銀（SLV）波動屬「高」的樣本只有約 12 段獨立樣本，不足 15 段，改看全部歷史：126 個交易日（約6個月）後的漲跌中位數 +2.5%，一半的情況落在 −9.3%～+17.6%，上漲機率 56%（約 39 段獨立樣本）。判定偏漲，主要反映長期上漲傾向，不是當下訊號。走步回測（只算起始日前已到期的決策）方向命中 35%（271 次判定，每週決策的 126 日報酬互相重疊，等效約 11 次獨立判定）、永遠猜漲 35%、永遠猜跌 65%，還不如永遠猜跌（差 29 個百分點）；預測區間實際涵蓋 51%（理想約 50%）。長期間的決策互相重疊，區間涵蓋率在個別年份會大幅擺盪（回測逐年可差三成以上），單一批次不一定接近 50%。趨勢空頭、動能弱、VIX 15（第 35 分位）只記錄、不參與預測（2008 年起的走步研究裡它們對漲跌沒有預測力）。
2026-W41-PPLT-H126,即時,2026-10-10,v2,長線,126,6個月,白金,PPLT,無,2026-10-08,14.82,14.82,2027-04-02,https://finance.yahoo.com/quote/PPLT/history,4213,2,通過,29.53,17.55,24.45,82.92,高,15.9668,17.6443,-16.01,空頭,-8.12,8.61,弱,15.41,34.54,全部歷史,4087,32,-1.48,-9.61,7.14,45.00,≥55% 偏漲；≤45% 偏跌；其餘不確定,偏跌,637,53.38,46.62,53.38,40.25,0.15,時好時壞,VOL=高|TREND=空頭|MOM=弱|VIXQ=1|SAMPLE=全部歷史|CALL=偏跌,S0 資料OK → S1 波動:高(第83分位) → S2 趨勢:空頭 → S3 動能:弱(第9分位) → S4 VIX:15.4(第35分位) → S5 同波動樣本僅 10 段，樣本不足，改用全部歷史 32 段 → S6 偏跌(上漲機率45.0%),過去白金（PPLT）波動屬「高」的樣本只有約 10 段獨立樣本，不足 15 段，改看全部歷史：126 個交易日（約6個月）後的漲跌中位數 −1.5%，一半的情況落在 −9.6%～+7.1%，上漲機率 45.0%（約 32 段獨立樣本）。判定偏跌，只表示這個波動狀態下歷史上跌的次數比漲多，是歷史傾向，不是當下訊號。走步回測（只算起始日前已到期的決策）方向命中 53%（637 次判定，每週決策的 126 日報酬互相重疊，等效約 25 次獨立判定）、永遠猜漲 47%、永遠猜跌 53%，和永遠猜跌一樣準，沒有比較準；預測區間實際涵蓋 40%（理想約 50%）。長期間的決策互相重疊，區間涵蓋率在個別年份會大幅擺盪（回測逐年可差三成以上），單一批次不一定接近 50%。趨勢空頭、動能弱、VIX 15（第 35 分位）只記錄、不參與預測（2008 年起的走步研究裡它們對漲跌沒有預測力）。
2026-W41-DBA-H126,即時,2026-10-10,v2,長線,126,6個月,農產品,DBA,無,2026-10-08,28.34,28.34,2027-04-02,https://finance.yahoo.com/quote/DBA/history,4971,2,通過,13.12,10.70,14.44,57.48,中,28.3944,27.1864,4.24,多頭,-3.34,16.54,弱,15.41,34.54,全部歷史,4845,38,-0.28,-6.86,8.73,48.71,≥55% 偏漲；≤45% 偏跌；其餘不確定,不確定,538,45.17,45.91,54.09,58.27,-0.02,時好時壞,VOL=中|TREND=多頭|MOM=弱|VIXQ=1|SAMPLE=全部歷史|CALL=不確定,S0 資料OK → S1 波動:中(第57分位) → S2 趨勢:多頭 → S3 動能:弱(第17分位) → S4 VIX:15.4(第35分位) → S5 同波動樣本僅 12 段，樣本不足，改用全部歷史 38 段 → S6 不確定(上漲機率49%),過去農產品（DBA）波動屬「中」的樣本只有約 12 段獨立樣本，不足 15 段，改看全部歷史：126 個交易日（約6個月）後的漲跌中位數 −0.3%，一半的情況落在 −6.9%～+8.7%，上漲機率 49%（約 38 段獨立樣本）。上漲機率介於 45%～55% 之間，不做方向判斷。走步回測（只算起始日前已到期的決策）方向命中 45%（538 次判定，每週決策的 126 日報酬互相重疊，等效約 21 次獨立判定）、永遠猜漲 46%、永遠猜跌 54%，還不如永遠猜跌（差 9 個百分點）；預測區間實際涵蓋 58%（理想約 50%）。長期間的決策互相重疊，區間涵蓋率在個別年份會大幅擺盪（回測逐年可差三成以上），單一批次不一定接近 50%。趨勢多頭、動能弱、VIX 15（第 35 分位）只記錄、不參與預測（2008 年起的走步研究裡它們對漲跌沒有預測力）。
2026-W41-MOS-H126,即時,2026-10-10,v2,長線,126,6個月,肥料股,MOS,CF／NTR／1722.TW,2026-10-08,19.73,19.73,2027-04-02,https://finance.yahoo.com/quote/MOS/history,9260,2,通過,32.50,28.91,40.27,44.24,中,23.2716,24.0511,-17.97,空頭,-22.32,1.86,弱,15.41,34.54,同波動,3009,23,0.97,-14.39,20.66,51.55,≥55% 偏漲；≤45% 偏跌；其餘不確定,不確定,299,35.45,35.45,64.55,47.53,,,VOL=中|TREND=空頭|MOM=弱|VIXQ=1|SAMPLE=同波動|CALL=不確定,S0 資料OK → S1 波動:中(第44分位) → S2 趨勢:空頭 → S3 動能:弱(第2分位) → S4 VIX:15.4(第35分位) → S5 同波動樣本 23 段 → S6 不確定(上漲機率52%),過去肥料股（MOS）波動屬「中」時，126 個交易日（約6個月）後的漲跌中位數 +1.0%，一半的情況落在 −14.4%～+20.7%，上漲機率 52%（約 23 段獨立樣本）。上漲機率介於 45%～55% 之間，不做方向判斷。走步回測（只算起始日前已到期的決策）方向命中 35%（299 次判定，每週決策的 126 日報酬互相重疊，等效約 12 次獨立判定）、永遠猜漲 35%、永遠猜跌 65%，還不如永遠猜跌（差 29 個百分點）；預測區間實際涵蓋 48%（理想約 50%）。長期間的決策互相重疊，區間涵蓋率在個別年份會大幅擺盪（回測逐年可差三成以上），單一批次不一定接近 50%。趨勢空頭、動能弱、VIX 15（第 35 分位）只記錄、不參與預測（2008 年起的走步研究裡它們對漲跌沒有預測力）。
2026-W41-BRK-B-H126,即時,2026-10-10,v2,長線,126,6個月,波克夏,BRK-B,無,2026-10-08,511.05,511.05,2027-04-02,https://finance.yahoo.com/quote/BRK-B/history,7653,2,通過,12.09,12.91,18.65,25.77,低,507.6494,492.8915,3.68,多頭,0.80,50.11,中,15.41,34.54,同波動,2477,19,8.29,1.92,15.54,79.57,≥55% 偏漲；≤45% 偏跌；其餘不確定,偏漲,953,72.61,72.61,72.61,54.77,-0.22,時好時壞,VOL=低|TREND=多頭|MOM=中|VIXQ=1|SAMPLE=同波動|CALL=偏漲,S0 資料OK → S1 波動:低(第26分位) → S2 趨勢:多頭 → S3 動能:中(第50分位) → S4 VIX:15.4(第35分位) → S5 同波動樣本 19 段 → S6 偏漲(上漲機率80%),過去波克夏（BRK-B）波動屬「低」時，126 個交易日（約6個月）後的漲跌中位數 +8.3%，一半的情況落在 +1.9%～+15.5%，上漲機率 80%（約 19 段獨立樣本）。判定偏漲，主要反映長期上漲傾向，不是當下訊號。走步回測（只算起始日前已到期的決策）方向命中 73%（953 次判定，每週決策的 126 日報酬互相重疊，等效約 38 次獨立判定）、永遠猜漲 73%、永遠猜跌 27%，和永遠猜漲一樣準，沒有比較準；預測區間實際涵蓋 55%（理想約 50%）。長期間的決策互相重疊，區間涵蓋率在個別年份會大幅擺盪（回測逐年可差三成以上），單一批次不一定接近 50%。趨勢多頭、動能中、VIX 15（第 35 分位）只記錄、不參與預測（2008 年起的走步研究裡它們對漲跌沒有預測力）。
2026-W41-TLT-H252,即時,2026-10-10,v2,長線,252,12個月,美國長天期公債,TLT,00679B.TWO／00687B.TWO,2026-10-08,77.87,77.87,2027-09-27,https://finance.yahoo.com/quote/TLT/history,6088,2,通過,10.45,10.18,13.88,36.63,中,80.7306,83.5825,-6.83,空頭,-3.21,15.24,弱,15.41,34.54,全部歷史,5836,23,4.22,-4.45,10.97,64.38,≥55% 偏漲；≤45% 偏跌；其餘不確定,偏漲,927,58.04,58.04,58.04,31.61,-1.49,時好時壞,VOL=中|TREND=空頭|MOM=弱|VIXQ=1|SAMPLE=全部歷史|CALL=偏漲,S0 資料OK → S1 波動:中(第37分位) → S2 趨勢:空頭 → S3 動能:弱(第15分位) → S4 VIX:15.4(第35分位) → S5 同波動樣本僅 7 段，樣本不足，改用全部歷史 23 段 → S6 偏漲(上漲機率64%),過去美國長天期公債（TLT）波動屬「中」的樣本只有約 7 段獨立樣本，不足 15 段，改看全部歷史：252 個交易日（約12個月）後的漲跌中位數 +4.2%，一半的情況落在 −4.5%～+11.0%，上漲機率 64%（約 23 段獨立樣本）。判定偏漲，主要反映長期上漲傾向，不是當下訊號。走步回測（只算起始日前已到期的決策）方向命中 58%（927 次判定，每週決策的 252 日報酬互相重疊，等效約 18 次獨立判定）、永遠猜漲 58%、永遠猜跌 42%，和永遠猜漲一樣準，沒有比較準；預測區間實際涵蓋 32%（理想約 50%），明顯偏低（這個資產的區間常常太窄，實際跑出區間的次數比預期多，區間不可信）。長期間的決策互相重疊，區間涵蓋率在個別年份會大幅擺盪（回測逐年可差三成以上），單一批次不一定接近 50%。趨勢空頭、動能弱、VIX 15（第 35 分位）只記錄、不參與預測（2008 年起的走步研究裡它們對漲跌沒有預測力）。
2026-W41-LQD-H252,即時,2026-10-10,v2,長線,252,12個月,美國投資級公司債,LQD,00720B.TWO,2026-10-08,102.47,102.47,2027-09-27,https://finance.yahoo.com/quote/LQD/history,6088,2,通過,6.61,4.62,6.49,68.16,高,104.3583,106.1027,-3.42,空頭,-1.39,15.33,弱,15.41,34.54,全部歷史,5836,23,4.91,0.80,8.78,79.73,≥55% 偏漲；≤45% 偏跌；其餘不確定,偏漲,927,78.10,78.10,78.10,44.12,-1.04,時好時壞,VOL=高|TREND=空頭|MOM=弱|VIXQ=1|SAMPLE=全部歷史|CALL=偏漲,S0 資料OK → S1 波動:高(第68分位) → S2 趨勢:空頭 → S3 動能:弱(第15分位) → S4 VIX:15.4(第35分位) → S5 同波動樣本僅 7 段，樣本不足，改用全部歷史 23 段 → S6 偏漲(上漲機率80%),過去美國投資級公司債（LQD）波動屬「高」的樣本只有約 7 段獨立樣本，不足 15 段，改看全部歷史：252 個交易日（約12個月）後的漲跌中位數 +4.9%，一半的情況落在 +0.8%～+8.8%，上漲機率 80%（約 23 段獨立樣本）。判定偏漲，主要反映長期上漲傾向，不是當下訊號。走步回測（只算起始日前已到期的決策）方向命中 78%（927 次判定，每週決策的 252 日報酬互相重疊，等效約 18 次獨立判定）、永遠猜漲 78%、永遠猜跌 22%，和永遠猜漲一樣準，沒有比較準；預測區間實際涵蓋 44%（理想約 50%）。長期間的決策互相重疊，區間涵蓋率在個別年份會大幅擺盪（回測逐年可差三成以上），單一批次不一定接近 50%。趨勢空頭、動能弱、VIX 15（第 35 分位）只記錄、不參與預測（2008 年起的走步研究裡它們對漲跌沒有預測力）。
2026-W41-HYG-H252,即時,2026-10-10,v2,長線,252,12個月,美國高收益債,HYG,00710B.TW,2026-10-08,77.14,77.14,2027-09-27,https://finance.yahoo.com/quote/HYG/history,4906,2,通過,3.91,4.24,7.10,28.39,低,78.3104,77.9011,-0.98,盤整,-1.45,15.90,弱,15.41,34.54,全部歷史,4654,18,6.22,1.30,9.83,79.46,≥55% 偏漲；≤45% 偏跌；其餘不確定,偏漲,759,81.42,81.42,81.42,66.14,-0.12,時好時壞,VOL=低|TREND=盤整|MOM=弱|VIXQ=1|SAMPLE=全部歷史|CALL=偏漲,S0 資料OK → S1 波動:低(第28分位) → S2 趨勢:盤整 → S3 動能:弱(第16分位) → S4 VIX:15.4(第35分位) → S5 同波動樣本僅 5 段，樣本不足，改用全部歷史 18 段 → S6 偏漲(上漲機率79%),過去美國高收益債（HYG）波動屬「低」的樣本只有約 5 段獨立樣本，不足 15 段，改看全部歷史：252 個交易日（約12個月）後的漲跌中位數 +6.2%，一半的情況落在 +1.3%～+9.8%，上漲機率 79%（約 18 段獨立樣本）。判定偏漲，主要反映長期上漲傾向，不是當下訊號。走步回測（只算起始日前已到期的決策）方向命中 81%（759 次判定，每週決策的 252 日報酬互相重疊，等效約 15 次獨立判定）、永遠猜漲 81%、永遠猜跌 19%，和永遠猜漲一樣準，沒有比較準；預測區間實際涵蓋 66%（理想約 50%），明顯偏高（這個資產的區間常常太寬，區間資訊量很低）。長期間的決策互相重疊，區間涵蓋率在個別年份會大幅擺盪（回測逐年可差三成以上），單一批次不一定接近 50%。趨勢盤整、動能弱、VIX 15（第 35 分位）只記錄、不參與預測（2008 年起的走步研究裡它們對漲跌沒有預測力）。
2026-W41-GLD-H252,即時,2026-10-10,v2,長線,252,12個月,黃金,GLD,00635U.TW,2026-10-08,378.62,378.62,2027-09-27,https://finance.yahoo.com/quote/GLD/history,5506,2,通過,20.20,12.25,16.80,77.76,高,396.8794,415.7731,-8.94,空頭,-4.48,11.28,弱,15.41,34.54,全部歷史,5254,20,10.24,-2.25,26.50,69.70,≥55% 偏漲；≤45% 偏跌；其餘不確定,偏漲,883,65.23,65.23,65.23,52.32,-5.16,時好時壞,VOL=高|TREND=空頭|MOM=弱|VIXQ=1|SAMPLE=全部歷史|CALL=偏漲,S0 資料OK → S1 波動:高(第78分位) → S2 趨勢:空頭 → S3 動能:弱(第11分位) → S4 VIX:15.4(第35分位) → S5 同波動樣本僅 6 段，樣本不足，改用全部歷史 20 段 → S6 偏漲(上漲機率70%),過去黃金（GLD）波動屬「高」的樣本只有約 6 段獨立樣本，不足 15 段，改看全部歷史：252 個交易日（約12個月）後的漲跌中位數 +10.2%，一半的情況落在 −2.2%～+26.5%，上漲機率 70%（約 20 段獨立樣本）。判定偏漲，主要反映長期上漲傾向，不是當下訊號。走步回測（只算起始日前已到期的決策）方向命中 65%（883 次判定，每週決策的 252 日報酬互相重疊，等效約 18 次獨立判定）、永遠猜漲 65%、永遠猜跌 35%，和永遠猜漲一樣準，沒有比較準；預測區間實際涵蓋 52%（理想約 50%）。長期間的決策互相重疊，區間涵蓋率在個別年份會大幅擺盪（回測逐年可差三成以上），單一批次不一定接近 50%。趨勢空頭、動能弱、VIX 15（第 35 分位）只記錄、不參與預測（2008 年起的走步研究裡它們對漲跌沒有預測力）。
2026-W41-TWD=X-H252,即時,2026-10-10,v2,長線,252,12個月,美元／新台幣,TWD=X,美元定存／00865B.TW,2026-10-08,31.8483,31.8483,2027-09-27,https://finance.yahoo.com/quote/TWD=X/history,5435,2,通過,3.17,4.00,6.37,16.47,低,31.8696,31.7316,0.37,多頭,1.22,82.60,強,15.41,34.54,全部歷史,5183,20,0.03,-4.01,3.64,50.20,≥55% 偏漲；≤45% 偏跌；其餘不確定,不確定,287,19.16,72.47,72.47,34.84,0.06,時好時壞,VOL=低|TREND=多頭|MOM=強|VIXQ=1|SAMPLE=全部歷史|CALL=不確定,S0 資料OK → S1 波動:低(第16分位) → S2 趨勢:多頭 → S3 動能:強(第83分位) → S4 VIX:15.4(第35分位) → S5 同波動樣本僅 6 段，樣本不足，改用全部歷史 20 段 → S6 不確定(上漲機率50%),過去美元／新台幣（TWD=X）波動屬「低」的樣本只有約 6 段獨立樣本，不足 15 段，改看全部歷史：252 個交易日（約12個月）後的漲跌中位數 0.0%，一半的情況落在 −4.0%～+3.6%，上漲機率 50%（約 20 段獨立樣本）。上漲機率介於 45%～55% 之間，不做方向判斷。走步回測（只算起始日前已到期的決策）方向命中 19%（287 次判定，每週決策的 252 日報酬互相重疊，等效約 6 次獨立判定）、永遠猜漲 72%、永遠猜跌 28%，還不如永遠猜漲（差 53 個百分點）；預測區間實際涵蓋 35%（理想約 50%），明顯偏低（這個資產的區間常常太窄，實際跑出區間的次數比預期多，區間不可信）。長期間的決策互相重疊，區間涵蓋率在個別年份會大幅擺盪（回測逐年可差三成以上），單一批次不一定接近 50%。趨勢多頭、動能強、VIX 15（第 35 分位）只記錄、不參與預測（2008 年起的走步研究裡它們對漲跌沒有預測力）。
2026-W41-UUP-H252,即時,2026-10-10,v2,長線,252,12個月,美元指數,UUP,00682U.TW,2026-10-08,28.98,28.98,2027-09-27,https://finance.yahoo.com/quote/UUP/history,4934,2,通過,4.58,5.65,7.73,12.52,低,28.2986,27.775,4.34,多頭,3.39,94.10,強,15.41,34.54,全部歷史,4682,18,1.67,-2.83,6.67,58.80,≥55% 偏漲；≤45% 偏跌；其餘不確定,偏漲,322,53.11,60.25,60.25,53.80,2.79,時好時壞,VOL=低|TREND=多頭|MOM=強|VIXQ=1|SAMPLE=全部歷史|CALL=偏漲,S0 資料OK → S1 波動:低(第13分位) → S2 趨勢:多頭 → S3 動能:強(第94分位) → S4 VIX:15.4(第35分位) → S5 同波動樣本僅 5 段，樣本不足，改用全部歷史 18 段 → S6 偏漲(上漲機率59%),過去美元指數（UUP）波動屬「低」的樣本只有約 5 段獨立樣本，不足 15 段，改看全部歷史：252 個交易日（約12個月）後的漲跌中位數 +1.7%，一半的情況落在 −2.8%～+6.7%，上漲機率 59%（約 18 段獨立樣本）。判定偏漲，主要反映長期上漲傾向，不是當下訊號。走步回測（只算起始日前已到期的決策）方向命中 53%（322 次判定，每週決策的 252 日報酬互相重疊，等效約 6 次獨立判定）、永遠猜漲 60%、永遠猜跌 40%，還不如永遠猜漲（差 7 個百分點）；預測區間實際涵蓋 54%（理想約 50%）。長期間的決策互相重疊，區間涵蓋率在個別年份會大幅擺盪（回測逐年可差三成以上），單一批次不一定接近 50%。趨勢多頭、動能強、VIX 15（第 35 分位）只記錄、不參與預測（2008 年起的走步研究裡它們對漲跌沒有預測力）。
2026-W41-FXY-H252,即時,2026-10-10,v2,長線,252,12個月,日圓,FXY,無,2026-10-08,58.05,58.05,2027-09-27,https://finance.yahoo.com/quote/FXY/history,4945,2,通過,6.40,6.92,10.02,27.70,低,58.1152,57.9395,0.19,多頭,-2.27,18.13,弱,15.41,34.54,全部歷史,4693,18,-1.18,-8.68,5.12,43.66,≥55% 偏漲；≤45% 偏跌；其餘不確定,偏跌,490,30.61,30.61,69.39,50.20,,,VOL=低|TREND=多頭|MOM=弱|VIXQ=1|SAMPLE=全部歷史|CALL=偏跌,S0 資料OK → S1 波動:低(第28分位) → S2 趨勢:多頭 → S3 動能:弱(第18分位) → S4 VIX:15.4(第35分位) → S5 同波動樣本僅 6 段，樣本不足，改用全部歷史 18 段 → S6 偏跌(上漲機率44%),過去日圓（FXY）波動屬「低」的樣本只有約 6 段獨立樣本，不足 15 段，改看全部歷史：252 個交易日（約12個月）後的漲跌中位數 −1.2%，一半的情況落在 −8.7%～+5.1%，上漲機率 44%（約 18 段獨立樣本）。判定偏跌，只表示這個波動狀態下歷史上跌的次數比漲多，是歷史傾向，不是當下訊號。走步回測（只算起始日前已到期的決策）方向命中 31%（490 次判定，每週決策的 252 日報酬互相重疊，等效約 10 次獨立判定）、永遠猜漲 31%、永遠猜跌 69%，還不如永遠猜跌（差 39 個百分點）；預測區間實際涵蓋 50%（理想約 50%）。長期間的決策互相重疊，區間涵蓋率在個別年份會大幅擺盪（回測逐年可差三成以上），單一批次不一定接近 50%。趨勢多頭、動能弱、VIX 15（第 35 分位）只記錄、不參與預測（2008 年起的走步研究裡它們對漲跌沒有預測力）。
2026-W41-0050.TW-H252,即時,2026-10-10,v2,長線,252,12個月,台股（台灣 50）,0050.TW,006208.TW,2026-10-07,116.05,116.05,2027-09-24,https://finance.yahoo.com/quote/0050.TW/history,4347,3,通過,15.07,12.84,17.68,50.29,中,106.843,90.2884,28.53,多頭,5.60,80.59,強,15.08,32.47,全部歷史,4095,16,11.81,-2.01,28.63,72.21,≥55% 偏漲；≤45% 偏跌；其餘不確定,偏漲,651,73.43,73.43,73.43,32.26,4.08,時好時壞,VOL=中|TREND=多頭|MOM=強|VIXQ=0|SAMPLE=全部歷史|CALL=偏漲,S0 資料OK → S1 波動:中(第50分位) → S2 趨勢:多頭 → S3 動能:強(第81分位) → S4 VIX:15.1(第32分位) → S5 同波動樣本僅 5 段，樣本不足，改用全部歷史 16 段 → S6 偏漲(上漲機率72%),過去台股（台灣 50）（0050.TW）波動屬「中」的樣本只有約 5 段獨立樣本，不足 15 段，改看全部歷史：252 個交易日（約12個月）後的漲跌中位數 +11.8%，一半的情況落在 −2.0%～+28.6%，上漲機率 72%（約 16 段獨立樣本）。判定偏漲，主要反映長期上漲傾向，不是當下訊號。走步回測（只算起始日前已到期的決策）方向命中 73%（651 次判定，每週決策的 252 日報酬互相重疊，等效約 13 次獨立判定）、永遠猜漲 73%、永遠猜跌 27%，和永遠猜漲一樣準，沒有比較準；預測區間實際涵蓋 32%（理想約 50%），明顯偏低（這個資產的區間常常太窄，實際跑出區間的次數比預期多，區間不可信）。長期間的決策互相重疊，區間涵蓋率在個別年份會大幅擺盪（回測逐年可差三成以上），單一批次不一定接近 50%。趨勢多頭、動能強、VIX 15（第 32 分位）只記錄、不參與預測（2008 年起的走步研究裡它們對漲跌沒有預測力）。
2026-W41-2330.TW-H252,即時,2026-10-10,v2,長線,252,12個月,台積電,2330.TW,2330.TW,2026-10-08,2550,2550,2027-09-27,https://finance.yahoo.com/quote/2330.TW/history,6654,2,通過,18.45,21.53,29.98,17.20,低,2417.1888,2112.2958,20.72,多頭,3.54,62.72,中,15.41,34.54,全部歷史,6402,25,21.36,3.58,36.49,77.98,≥55% 偏漲；≤45% 偏跌；其餘不確定,偏漲,868,87.79,87.79,87.79,47.15,,,VOL=低|TREND=多頭|MOM=中|VIXQ=1|SAMPLE=全部歷史|CALL=偏漲,S0 資料OK → S1 波動:低(第17分位) → S2 趨勢:多頭 → S3 動能:中(第63分位) → S4 VIX:15.4(第35分位) → S5 同波動樣本僅 8 段，樣本不足，改用全部歷史 25 段 → S6 偏漲(上漲機率78%),過去台積電（2330.TW）波動屬「低」的樣本只有約 8 段獨立樣本，不足 15 段，改看全部歷史：252 個交易日（約12個月）後的漲跌中位數 +21.4%，一半的情況落在 +3.6%～+36.5%，上漲機率 78%（約 25 段獨立樣本）。判定偏漲，主要反映長期上漲傾向，不是當下訊號。走步回測（只算起始日前已到期的決策）方向命中 88%（868 次判定，每週決策的 252 日報酬互相重疊，等效約 17 次獨立判定）、永遠猜漲 88%、永遠猜跌 12%，和永遠猜漲一樣準，沒有比較準；預測區間實際涵蓋 47%（理想約 50%）。長期間的決策互相重疊，區間涵蓋率在個別年份會大幅擺盪（回測逐年可差三成以上），單一批次不一定接近 50%。趨勢多頭、動能中、VIX 15（第 35 分位）只記錄、不參與預測（2008 年起的走步研究裡它們對漲跌沒有預測力）。
2026-W41-SOXX-H252,即時,2026-10-10,v2,長線,252,12個月,美國半導體,SOXX,00891.TW,2026-10-08,563.28,563.28,2027-09-27,https://finance.yahoo.com/quote/SOXX/history,6347,2,通過,37.05,21.33,31.98,79.23,高,536.0495,460.4721,22.33,多頭,8.93,84.67,強,15.41,34.54,全部歷史,6095,24,17.66,-4.84,39.84,68.88,≥55% 偏漲；≤45% 偏跌；其餘不確定,偏漲,690,72.32,81.01,81.01,41.21,11.48,時好時壞,VOL=高|TREND=多頭|MOM=強|VIXQ=1|SAMPLE=全部歷史|CALL=偏漲,S0 資料OK → S1 波動:高(第79分位) → S2 趨勢:多頭 → S3 動能:強(第85分位) → S4 VIX:15.4(第35分位) → S5 同波動樣本僅 7 段，樣本不足，改用全部歷史 24 段 → S6 偏漲(上漲機率69%),過去美國半導體（SOXX）波動屬「高」的樣本只有約 7 段獨立樣本，不足 15 段，改看全部歷史：252 個交易日（約12個月）後的漲跌中位數 +17.7%，一半的情況落在 −4.8%～+39.8%，上漲機率 69%（約 24 段獨立樣本）。判定偏漲，主要反映長期上漲傾向，不是當下訊號。走步回測（只算起始日前已到期的決策）方向命中 72%（690 次判定，每週決策的 252 日報酬互相重疊，等效約 14 次獨立判定）、永遠猜漲 81%、永遠猜跌 19%，還不如永遠猜漲（差 9 個百分點）；預測區間實際涵蓋 41%（理想約 50%）。長期間的決策互相重疊，區間涵蓋率在個別年份會大幅擺盪（回測逐年可差三成以上），單一批次不一定接近 50%。趨勢多頭、動能強、VIX 15（第 35 分位）只記錄、不參與預測（2008 年起的走步研究裡它們對漲跌沒有預測力）。
2026-W41-SPY-H252,即時,2026-10-10,v2,長線,252,12個月,美股 S&P 500,SPY,00646.TW,2026-10-08,773.93,773.93,2027-09-27,https://finance.yahoo.com/quote/SPY/history,8481,2,通過,9.87,10.40,16.28,29.00,低,765.5093,719.1626,7.62,多頭,2.38,62.24,中,15.41,34.54,全部歷史,8229,32,14.44,4.43,22.45,81.81,≥55% 偏漲；≤45% 偏跌；其餘不確定,偏漲,927,86.52,86.52,86.52,57.50,3.62,時好時壞,VOL=低|TREND=多頭|MOM=中|VIXQ=1|SAMPLE=全部歷史|CALL=偏漲,S0 資料OK → S1 波動:低(第29分位) → S2 趨勢:多頭 → S3 動能:中(第62分位) → S4 VIX:15.4(第35分位) → S5 同波動樣本僅 10 段，樣本不足，改用全部歷史 32 段 → S6 偏漲(上漲機率82%),過去美股 S&P 500（SPY）波動屬「低」的樣本只有約 10 段獨立樣本，不足 15 段，改看全部歷史：252 個交易日（約12個月）後的漲跌中位數 +14.4%，一半的情況落在 +4.4%～+22.4%，上漲機率 82%（約 32 段獨立樣本）。判定偏漲，主要反映長期上漲傾向，不是當下訊號。走步回測（只算起始日前已到期的決策）方向命中 87%（927 次判定，每週決策的 252 日報酬互相重疊，等效約 18 次獨立判定）、永遠猜漲 87%、永遠猜跌 13%，和永遠猜漲一樣準，沒有比較準；預測區間實際涵蓋 58%（理想約 50%）。長期間的決策互相重疊，區間涵蓋率在個別年份會大幅擺盪（回測逐年可差三成以上），單一批次不一定接近 50%。趨勢多頭、動能中、VIX 15（第 35 分位）只記錄、不參與預測（2008 年起的走步研究裡它們對漲跌沒有預測力）。
2026-W41-QQQ-H252,即時,2026-10-10,v2,長線,252,12個月,那斯達克 100,QQQ,00662.TW,2026-10-08,747.58,747.58,2027-09-27,https://finance.yahoo.com/quote/QQQ/history,6939,2,通過,15.29,14.43,22.78,37.91,中,722.6336,670.2056,11.54,多頭,5.60,80.34,強,15.41,34.54,全部歷史,6687,26,16.80,2.94,29.30,79.39,≥55% 偏漲；≤45% 偏跌；其餘不確定,偏漲,927,88.13,88.13,88.13,49.19,5.96,時好時壞,VOL=中|TREND=多頭|MOM=強|VIXQ=1|SAMPLE=全部歷史|CALL=偏漲,S0 資料OK → S1 波動:中(第38分位) → S2 趨勢:多頭 → S3 動能:強(第80分位) → S4 VIX:15.4(第35分位) → S5 同波動樣本僅 8 段，樣本不足，改用全部歷史 26 段 → S6 偏漲(上漲機率79%),過去那斯達克 100（QQQ）波動屬「中」的樣本只有約 8 段獨立樣本，不足 15 段，改看全部歷史：252 個交易日（約12個月）後的漲跌中位數 +16.8%，一半的情況落在 +2.9%～+29.3%，上漲機率 79%（約 26 段獨立樣本）。判定偏漲，主要反映長期上漲傾向，不是當下訊號。走步回測（只算起始日前已到期的決策）方向命中 88%（927 次判定，每週決策的 252 日報酬互相重疊，等效約 18 次獨立判定）、永遠猜漲 88%、永遠猜跌 12%，和永遠猜漲一樣準，沒有比較準；預測區間實際涵蓋 49%（理想約 50%）。長期間的決策互相重疊，區間涵蓋率在個別年份會大幅擺盪（回測逐年可差三成以上），單一批次不一定接近 50%。趨勢多頭、動能強、VIX 15（第 35 分位）只記錄、不參與預測（2008 年起的走步研究裡它們對漲跌沒有預測力）。
2026-W41-EWJ-H252,即時,2026-10-10,v2,長線,252,12個月,日股,EWJ,00645.TW,2026-10-08,97.32,97.32,2027-09-27,https://finance.yahoo.com/quote/EWJ/history,7690,2,通過,18.15,14.95,21.15,52.92,中,96.6236,90.4725,7.57,多頭,0.91,53.23,中,15.41,34.54,全部歷史,7438,29,5.64,-9.11,18.08,60.15,≥55% 偏漲；≤45% 偏跌；其餘不確定,偏漲,386,67.10,67.10,67.10,62.14,2.47,時好時壞,VOL=中|TREND=多頭|MOM=中|VIXQ=1|SAMPLE=全部歷史|CALL=偏漲,S0 資料OK → S1 波動:中(第53分位) → S2 趨勢:多頭 → S3 動能:中(第53分位) → S4 VIX:15.4(第35分位) → S5 同波動樣本僅 9 段，樣本不足，改用全部歷史 29 段 → S6 偏漲(上漲機率60%),過去日股（EWJ）波動屬「中」的樣本只有約 9 段獨立樣本，不足 15 段，改看全部歷史：252 個交易日（約12個月）後的漲跌中位數 +5.6%，一半的情況落在 −9.1%～+18.1%，上漲機率 60%（約 29 段獨立樣本）。判定偏漲，主要反映長期上漲傾向，不是當下訊號。走步回測（只算起始日前已到期的決策）方向命中 67%（386 次判定，每週決策的 252 日報酬互相重疊，等效約 8 次獨立判定）、永遠猜漲 67%、永遠猜跌 33%，和永遠猜漲一樣準，沒有比較準；預測區間實際涵蓋 62%（理想約 50%），明顯偏高（這個資產的區間常常太寬，區間資訊量很低）。長期間的決策互相重疊，區間涵蓋率在個別年份會大幅擺盪（回測逐年可差三成以上），單一批次不一定接近 50%。趨勢多頭、動能中、VIX 15（第 35 分位）只記錄、不參與預測（2008 年起的走步研究裡它們對漲跌沒有預測力）。
2026-W41-EWH-H252,即時,2026-10-10,v2,長線,252,12個月,港股,EWH,無,2026-10-08,21.72,21.72,2027-09-27,https://finance.yahoo.com/quote/EWH/history,7690,2,通過,16.09,15.83,23.13,35.15,中,22.5906,22.5335,-3.61,盤整,-3.34,23.64,弱,15.41,34.54,全部歷史,7438,29,8.48,-8.87,22.05,62.07,≥55% 偏漲；≤45% 偏跌；其餘不確定,偏漲,927,63.54,63.54,63.54,63.32,7.92,時好時壞,VOL=中|TREND=盤整|MOM=弱|VIXQ=1|SAMPLE=全部歷史|CALL=偏漲,S0 資料OK → S1 波動:中(第35分位) → S2 趨勢:盤整 → S3 動能:弱(第24分位) → S4 VIX:15.4(第35分位) → S5 同波動樣本僅 9 段，樣本不足，改用全部歷史 29 段 → S6 偏漲(上漲機率62%),過去港股（EWH）波動屬「中」的樣本只有約 9 段獨立樣本，不足 15 段，改看全部歷史：252 個交易日（約12個月）後的漲跌中位數 +8.5%，一半的情況落在 −8.9%～+22.1%，上漲機率 62%（約 29 段獨立樣本）。判定偏漲，主要反映長期上漲傾向，不是當下訊號。走步回測（只算起始日前已到期的決策）方向命中 64%（927 次判定，每週決策的 252 日報酬互相重疊，等效約 18 次獨立判定）、永遠猜漲 64%、永遠猜跌 36%，和永遠猜漲一樣準，沒有比較準；預測區間實際涵蓋 63%（理想約 50%），明顯偏高（這個資產的區間常常太寬，區間資訊量很低）。長期間的決策互相重疊，區間涵蓋率在個別年份會大幅擺盪（回測逐年可差三成以上），單一批次不一定接近 50%。趨勢盤整、動能弱、VIX 15（第 35 分位）只記錄、不參與預測（2008 年起的走步研究裡它們對漲跌沒有預測力）。
2026-W41-USO-H252,即時,2026-10-10,v2,長線,252,12個月,原油,USO,00642U.TW,2026-10-08,147.58,147.58,2027-09-27,https://finance.yahoo.com/quote/USO/history,5157,2,通過,40.11,23.90,33.79,80.57,高,138.7498,116.7279,26.43,多頭,-6.82,20.67,弱,15.41,34.54,全部歷史,4905,19,-0.91,-19.52,18.44,48.30,≥55% 偏漲；≤45% 偏跌；其餘不確定,不確定,429,45.92,54.08,54.08,54.69,7.85,時好時壞,VOL=高|TREND=多頭|MOM=弱|VIXQ=1|SAMPLE=全部歷史|CALL=不確定,S0 資料OK → S1 波動:高(第81分位) → S2 趨勢:多頭 → S3 動能:弱(第21分位) → S4 VIX:15.4(第35分位) → S5 同波動樣本僅 6 段，樣本不足，改用全部歷史 19 段 → S6 不確定(上漲機率48%),過去原油（USO）波動屬「高」的樣本只有約 6 段獨立樣本，不足 15 段，改看全部歷史：252 個交易日（約12個月）後的漲跌中位數 −0.9%，一半的情況落在 −19.5%～+18.4%，上漲機率 48%（約 19 段獨立樣本）。上漲機率介於 45%～55% 之間，不做方向判斷。走步回測（只算起始日前已到期的決策）方向命中 46%（429 次判定，每週決策的 252 日報酬互相重疊，等效約 9 次獨立判定）、永遠猜漲 54%、永遠猜跌 46%，還不如永遠猜漲（差 8 個百分點）；預測區間實際涵蓋 55%（理想約 50%）。長期間的決策互相重疊，區間涵蓋率在個別年份會大幅擺盪（回測逐年可差三成以上），單一批次不一定接近 50%。趨勢多頭、動能弱、VIX 15（第 35 分位）只記錄、不參與預測（2008 年起的走步研究裡它們對漲跌沒有預測力）。
2026-W41-UNG-H252,即時,2026-10-10,v2,長線,252,12個月,天然氣,UNG,無,2026-10-08,10.81,10.81,2027-09-27,https://finance.yahoo.com/quote/UNG/history,4901,2,通過,43.26,33.09,48.66,55.50,中,10.3318,11.3267,-4.56,空頭,6.08,76.09,強,15.41,34.54,全部歷史,4649,18,-27.60,-46.45,-0.13,24.95,≥55% 偏漲；≤45% 偏跌；其餘不確定,偏跌,758,70.45,29.42,70.58,48.28,12.94,時好時壞,VOL=中|TREND=空頭|MOM=強|VIXQ=1|SAMPLE=全部歷史|CALL=偏跌,S0 資料OK → S1 波動:中(第56分位) → S2 趨勢:空頭 → S3 動能:強(第76分位) → S4 VIX:15.4(第35分位) → S5 同波動樣本僅 5 段，樣本不足，改用全部歷史 18 段 → S6 偏跌(上漲機率25%),過去天然氣（UNG）波動屬「中」的樣本只有約 5 段獨立樣本，不足 15 段，改看全部歷史：252 個交易日（約12個月）後的漲跌中位數 −27.6%，一半的情況落在 −46.5%～−0.1%，上漲機率 25%（約 18 段獨立樣本）。判定偏跌，只表示這個波動狀態下歷史上跌的次數比漲多，是歷史傾向，不是當下訊號。走步回測（只算起始日前已到期的決策）方向命中 70%（758 次判定，每週決策的 252 日報酬互相重疊，等效約 15 次獨立判定）、永遠猜漲 29%、永遠猜跌 71%，和永遠猜跌一樣準，沒有比較準；預測區間實際涵蓋 48%（理想約 50%）。長期間的決策互相重疊，區間涵蓋率在個別年份會大幅擺盪（回測逐年可差三成以上），單一批次不一定接近 50%。趨勢空頭、動能強、VIX 15（第 35 分位）只記錄、不參與預測（2008 年起的走步研究裡它們對漲跌沒有預測力）。
2026-W41-CPER-H252,即時,2026-10-10,v2,長線,252,12個月,銅,CPER,無,2026-10-08,39.46,39.46,2027-09-27,https://finance.yahoo.com/quote/CPER/history,3745,2,通過,20.52,17.37,23.43,51.41,中,39.8862,37.5781,5.01,多頭,1.08,54.71,中,15.41,34.54,全部歷史,3493,13,0.30,-11.87,18.50,50.30,≥55% 偏漲；≤45% 偏跌；其餘不確定,不確定,498,33.94,66.06,66.06,40.93,2.17,時好時壞,VOL=中|TREND=多頭|MOM=中|VIXQ=1|SAMPLE=全部歷史|CALL=不確定,S0 資料OK → S1 波動:中(第51分位) → S2 趨勢:多頭 → S3 動能:中(第55分位) → S4 VIX:15.4(第35分位) → S5 同波動樣本僅 4 段，樣本不足，改用全部歷史 13 段 → S6 不確定(上漲機率50%),過去銅（CPER）波動屬「中」的樣本只有約 4 段獨立樣本，不足 15 段，改看全部歷史：252 個交易日（約12個月）後的漲跌中位數 +0.3%，一半的情況落在 −11.9%～+18.5%，上漲機率 50%（約 13 段獨立樣本）。全部歷史也只有約 13 段獨立樣本（不足 15 段），區間與機率的可信度很低，只能當粗略參考。上漲機率介於 45%～55% 之間，不做方向判斷。走步回測（只算起始日前已到期的決策）方向命中 34%（498 次判定，每週決策的 252 日報酬互相重疊，等效約 10 次獨立判定）、永遠猜漲 66%、永遠猜跌 34%，還不如永遠猜漲（差 32 個百分點）；預測區間實際涵蓋 41%（理想約 50%）。長期間的決策互相重疊，區間涵蓋率在個別年份會大幅擺盪（回測逐年可差三成以上），單一批次不一定接近 50%。趨勢多頭、動能中、VIX 15（第 35 分位）只記錄、不參與預測（2008 年起的走步研究裡它們對漲跌沒有預測力）。
2026-W41-SLV-H252,即時,2026-10-10,v2,長線,252,12個月,白銀,SLV,無,2026-10-08,53.45,53.45,2027-09-27,https://finance.yahoo.com/quote/SLV/history,5144,2,通過,33.74,21.63,30.12,75.08,高,57.9178,65.812,-18.78,空頭,-7.04,15.61,弱,15.41,34.54,全部歷史,4892,19,5.01,-13.48,30.22,55.72,≥55% 偏漲；≤45% 偏跌；其餘不確定,偏漲,278,24.82,35.97,64.03,53.96,-9.91,時好時壞,VOL=高|TREND=空頭|MOM=弱|VIXQ=1|SAMPLE=全部歷史|CALL=偏漲,S0 資料OK → S1 波動:高(第75分位) → S2 趨勢:空頭 → S3 動能:弱(第16分位) → S4 VIX:15.4(第35分位) → S5 同波動樣本僅 5 段，樣本不足，改用全部歷史 19 段 → S6 偏漲(上漲機率56%),過去白銀（SLV）波動屬「高」的樣本只有約 5 段獨立樣本，不足 15 段，改看全部歷史：252 個交易日（約12個月）後的漲跌中位數 +5.0%，一半的情況落在 −13.5%～+30.2%，上漲機率 56%（約 19 段獨立樣本）。判定偏漲，主要反映長期上漲傾向，不是當下訊號。走步回測（只算起始日前已到期的決策）方向命中 25%（278 次判定，每週決策的 252 日報酬互相重疊，等效約 6 次獨立判定）、永遠猜漲 36%、永遠猜跌 64%，還不如永遠猜跌（差 39 個百分點）；預測區間實際涵蓋 54%（理想約 50%）。長期間的決策互相重疊，區間涵蓋率在個別年份會大幅擺盪（回測逐年可差三成以上），單一批次不一定接近 50%。趨勢空頭、動能弱、VIX 15（第 35 分位）只記錄、不參與預測（2008 年起的走步研究裡它們對漲跌沒有預測力）。
2026-W41-PPLT-H252,即時,2026-10-10,v2,長線,252,12個月,白金,PPLT,無,2026-10-08,14.82,14.82,2027-09-27,https://finance.yahoo.com/quote/PPLT/history,4213,2,通過,29.53,17.55,24.45,82.92,高,15.9668,17.6443,-16.01,空頭,-8.12,8.61,弱,15.41,34.54,全部歷史,3961,15,-2.82,-11.80,8.55,43.10,≥55% 偏漲；≤45% 偏跌；其餘不確定,偏跌,615,54.15,45.85,54.15,43.41,2.44,時好時壞,VOL=高|TREND=空頭|MOM=弱|VIXQ=1|SAMPLE=全部歷史|CALL=偏跌,S0 資料OK → S1 波動:高(第83分位) → S2 趨勢:空頭 → S3 動能:弱(第9分位) → S4 VIX:15.4(第35分位) → S5 同波動樣本僅 4 段，樣本不足，改用全部歷史 15 段 → S6 偏跌(上漲機率43%),過去白金（PPLT）波動屬「高」的樣本只有約 4 段獨立樣本，不足 15 段，改看全部歷史：252 個交易日（約12個月）後的漲跌中位數 −2.8%，一半的情況落在 −11.8%～+8.6%，上漲機率 43%（約 15 段獨立樣本）。判定偏跌，只表示這個波動狀態下歷史上跌的次數比漲多，是歷史傾向，不是當下訊號。走步回測（只算起始日前已到期的決策）方向命中 54%（615 次判定，每週決策的 252 日報酬互相重疊，等效約 12 次獨立判定）、永遠猜漲 46%、永遠猜跌 54%，和永遠猜跌一樣準，沒有比較準；預測區間實際涵蓋 43%（理想約 50%）。長期間的決策互相重疊，區間涵蓋率在個別年份會大幅擺盪（回測逐年可差三成以上），單一批次不一定接近 50%。趨勢空頭、動能弱、VIX 15（第 35 分位）只記錄、不參與預測（2008 年起的走步研究裡它們對漲跌沒有預測力）。
2026-W41-DBA-H252,即時,2026-10-10,v2,長線,252,12個月,農產品,DBA,無,2026-10-08,28.34,28.34,2027-09-27,https://finance.yahoo.com/quote/DBA/history,4971,2,通過,13.12,10.70,14.44,57.48,中,28.3944,27.1864,4.24,多頭,-3.34,16.54,弱,15.41,34.54,全部歷史,4719,18,-1.53,-9.32,11.64,47.19,≥55% 偏漲；≤45% 偏跌；其餘不確定,不確定,632,41.46,45.57,54.43,63.86,-3.51,時好時壞,VOL=中|TREND=多頭|MOM=弱|VIXQ=1|SAMPLE=全部歷史|CALL=不確定,S0 資料OK → S1 波動:中(第57分位) → S2 趨勢:多頭 → S3 動能:弱(第17分位) → S4 VIX:15.4(第35分位) → S5 同波動樣本僅 6 段，樣本不足，改用全部歷史 18 段 → S6 不確定(上漲機率47%),過去農產品（DBA）波動屬「中」的樣本只有約 6 段獨立樣本，不足 15 段，改看全部歷史：252 個交易日（約12個月）後的漲跌中位數 −1.5%，一半的情況落在 −9.3%～+11.6%，上漲機率 47%（約 18 段獨立樣本）。上漲機率介於 45%～55% 之間，不做方向判斷。走步回測（只算起始日前已到期的決策）方向命中 41%（632 次判定，每週決策的 252 日報酬互相重疊，等效約 13 次獨立判定）、永遠猜漲 46%、永遠猜跌 54%，還不如永遠猜跌（差 13 個百分點）；預測區間實際涵蓋 64%（理想約 50%），明顯偏高（這個資產的區間常常太寬，區間資訊量很低）。長期間的決策互相重疊，區間涵蓋率在個別年份會大幅擺盪（回測逐年可差三成以上），單一批次不一定接近 50%。趨勢多頭、動能弱、VIX 15（第 35 分位）只記錄、不參與預測（2008 年起的走步研究裡它們對漲跌沒有預測力）。
2026-W41-MOS-H252,即時,2026-10-10,v2,長線,252,12個月,肥料股,MOS,CF／NTR／1722.TW,2026-10-08,19.73,19.73,2027-09-27,https://finance.yahoo.com/quote/MOS/history,9260,2,通過,32.50,28.91,40.27,44.24,中,23.2716,24.0511,-17.97,空頭,-22.32,1.86,弱,15.41,34.54,全部歷史,9008,35,-2.88,-23.18,30.36,47.08,≥55% 偏漲；≤45% 偏跌；其餘不確定,不確定,0,,,,49.73,,,VOL=中|TREND=空頭|MOM=弱|VIXQ=1|SAMPLE=全部歷史|CALL=不確定,S0 資料OK → S1 波動:中(第44分位) → S2 趨勢:空頭 → S3 動能:弱(第2分位) → S4 VIX:15.4(第35分位) → S5 同波動樣本僅 11 段，樣本不足，改用全部歷史 35 段 → S6 不確定(上漲機率47%),過去肥料股（MOS）波動屬「中」的樣本只有約 11 段獨立樣本，不足 15 段，改看全部歷史：252 個交易日（約12個月）後的漲跌中位數 −2.9%，一半的情況落在 −23.2%～+30.4%，上漲機率 47%（約 35 段獨立樣本）。上漲機率介於 45%～55% 之間，不做方向判斷。走步回測（927 次決策）沒有方向判定可比；預測區間實際涵蓋 50%（理想約 50%）。長期間的決策互相重疊，區間涵蓋率在個別年份會大幅擺盪（回測逐年可差三成以上），單一批次不一定接近 50%。趨勢空頭、動能弱、VIX 15（第 35 分位）只記錄、不參與預測（2008 年起的走步研究裡它們對漲跌沒有預測力）。
2026-W41-BRK-B-H252,即時,2026-10-10,v2,長線,252,12個月,波克夏,BRK-B,無,2026-10-08,511.05,511.05,2027-09-27,https://finance.yahoo.com/quote/BRK-B/history,7653,2,通過,12.09,12.91,18.65,25.77,低,507.6494,492.8915,3.68,多頭,0.80,50.11,中,15.41,34.54,全部歷史,7401,29,12.42,-0.07,24.88,74.87,≥55% 偏漲；≤45% 偏跌；其餘不確定,偏漲,927,75.84,75.84,75.84,53.40,2.66,時好時壞,VOL=低|TREND=多頭|MOM=中|VIXQ=1|SAMPLE=全部歷史|CALL=偏漲,S0 資料OK → S1 波動:低(第26分位) → S2 趨勢:多頭 → S3 動能:中(第50分位) → S4 VIX:15.4(第35分位) → S5 同波動樣本僅 9 段，樣本不足，改用全部歷史 29 段 → S6 偏漲(上漲機率75%),過去波克夏（BRK-B）波動屬「低」的樣本只有約 9 段獨立樣本，不足 15 段，改看全部歷史：252 個交易日（約12個月）後的漲跌中位數 +12.4%，一半的情況落在 −0.1%～+24.9%，上漲機率 75%（約 29 段獨立樣本）。判定偏漲，主要反映長期上漲傾向，不是當下訊號。走步回測（只算起始日前已到期的決策）方向命中 76%（927 次判定，每週決策的 252 日報酬互相重疊，等效約 18 次獨立判定）、永遠猜漲 76%、永遠猜跌 24%，和永遠猜漲一樣準，沒有比較準；預測區間實際涵蓋 53%（理想約 50%）。長期間的決策互相重疊，區間涵蓋率在個別年份會大幅擺盪（回測逐年可差三成以上），單一批次不一定接近 50%。趨勢多頭、動能中、VIX 15（第 35 分位）只記錄、不參與預測（2008 年起的走步研究裡它們對漲跌沒有預測力）。
